"participants","SIC_primary","date_announced","date_terminated","business_description","participant_nation","alliance_deal_name","alliance_SIC_code","alliance_nation","status","type","ownership_structure","deal_number"
"dell inc",3571,"2010-01-04",NA,"Manufacture,wholesale computer","United States","DELL INC/INFOBIRD- STRATEGIC ALLIANCE","7372","Supranational","Completed/Signed","Strategic Alliance",NA,2175177045
"ibm corp",3571,"2010-01-12",NA,"Manufacture computer products","United States","SNCF/IBM CORP- JOINT VENTURE","7376","France","Completed/Signed","Joint Venture",49,2174224045
"panasonic computer solutions",3571,"2010-01-13",NA,"Mnfr notebook computers","United States","PANASONIC COMPUTER SOLUTIONS CO/TRACEWELL SYSTEMS INC- STRATEGIC ALLIANCE","7372","United States","Completed/Signed","Strategic Alliance",NA,2173817045
"shanghai aerospace automobile",3663,"2010-03-31",NA,"Mnfr,whl energy prod,auto part","China","SHANGHAI AEROSPACE AUTOMOBILE ELECTROMECHANICAL/HIMIN SOLAR ENERGY GROUP CO~LTD-JOINT VENTURE","499A","Spain","Completed/Signed","Joint Venture",90,2579954045
"telefonaktiebolaget lm",4812,"2010-04-21",NA,"Provides telecommunications services","Sweden","ERICSSON/LG ELECTRONICS INC- JOINT VENTURE","4812","South Korea","Completed/Signed","Joint Venture",50,2179891045
"ibm corp",3571,"2010-05-05",NA,"Manufacture computer products","United States","IBM /TEXAS TRANSPORTATION INSTITUTE- STRATEGIC ALLIANCE","8748","United States","Completed/Signed","Strategic Alliance",NA,2181253045
"siemens ag",3663,"2010-05-19",NA,"Manufactures and wholesales telecommunications equipment","Germany","SIEMENS AG/ZAO ISKRA-AVIGAZ -LCC RUSSIAN TURBO MACHINERY JOINT VENTURE","3563","Russian Fed","Completed/Signed","Joint Venture",51,2185185045
"nokia oyj",3663,"2010-05-24",NA,"Mnfr network infrastructure products","Finland","NOKIA OYJ/YAHOO! INC- STRATEGIC ALLIANCE","7379","Supranational","Completed/Signed","Strategic Alliance",NA,2186277045
"founder group corp",3571,"2010-05-27",NA,"Mnfr,whl electronic computers","China","ACER INC/FOUNDER GROUP-STRATEGIC ALLIANCE","3571","China","Completed/Signed","Strategic Alliance",NA,2440524045
"smart hub inc",4812,"2010-06-09",NA,"Pvd telecommunications svcs","Philippines","MASTERCARD INC/SMART HUB INC- JOINT VENTURE","7374","United States","Completed/Signed","Joint Venture",50,2191126045
"applied signal technology inc",3663,"2010-07-29",NA,"Mnfr,whl signal equipment","United States","APPLIED SIGNAL TECHNOLOGY INC/HARRIS(DNU)- STRATEGIC ALLIANCE","3812","Supranational","Completed/Signed","Strategic Alliance",NA,2207084045
"samsung electronics co ltd",3663,"2010-08-10",NA,"Radio and Television Broadcasting and Wireless Communications Equipment Manufacturing","South Korea","SAMSUNG ELECTRONICS CO LTD/NANOSYS INC- STRATEGIC ALLIANCE","3674","Supranational","Completed/Signed","Strategic Alliance",NA,2210746045
"hewlett packard co",3571,"2010-08-31",NA,"Mnfr,whl computer equipment","United States","HYNIX SEMICONDUCTOR CORP(DNU)/HP(DNU)- STRATEGIC ALLIANCE","3674","Supranational","Completed/Signed","Strategic Alliance",NA,2216122045
"telefonaktiebolaget lm",4812,"2010-09-07",NA,"Provides telecommunications services","Sweden","TELEFONAKTIEBOLAGET LM ERICSSON/MOTOROLA(DNU)- STRATEGIC ALLIANCE","3663","Supranational","Completed/Signed","Strategic Alliance",NA,2218334045
"motorola solutions inc",3663,"2010-09-07",NA,"Manufactures integrated communication products","United States","TELEFONAKTIEBOLAGET LM ERICSSON/MOTOROLA(DNU)- STRATEGIC ALLIANCE","3663","Supranational","Completed/Signed","Strategic Alliance",NA,2218334045
"nokia oyj",3663,"2010-09-15",NA,"Mnfr network infrastructure products","Finland","INTUIT(DNU)/NOKIA OYJ- STRATEGIC ALLIANCE","3663","Supranational","Completed/Signed","Strategic Alliance",NA,2220346045
"informatica fueguina sa",3571,"2010-12-06",NA,"Mnfr,wholesale computers","Argentina","INFORMATICA FUEGUINA(DNU)/POSITIVO INFORMATICA SA- JOINT VENTURE","3571","Argentina","Completed/Signed","Joint Venture",50,2254757045
"electronic systems technology",3663,"2010-12-15",NA,"Mnfr commun hardware","United States","FLANDERS INC/ELECTRONIC SYSTEMS TECHNOLOGY INC-STRATEGIC ALLIANCE","4899","Supranational","Completed/Signed","Strategic Alliance",NA,2499738045
"t-mobile international ag",4812,"2011-01-01",NA,"Pvd wireless commun svcs","Germany","T-MOBILE INTERNATIONAL AG/TELEKOMUNIKACJA POLSKA SA-STRATEGIC ALLIANCE","4812","Poland","Completed/Signed","Strategic Alliance",NA,2581358045
"samsung electronics co ltd",3663,"2011-01-06",NA,"Radio and Television Broadcasting and Wireless Communications Equipment Manufacturing","South Korea","DREAMWORKS ANIMATION INC/SAMSUNG ELECTRONICS CO LTD-STRATEGIC ALLIANCE","7812","Supranational","Completed/Signed","Strategic Alliance",NA,2257486045
"lenovo group ltd",3571,"2011-01-26",NA,"Mnfr,wholesale computer prod","Hong Kong","NEC CORP/LENOVO GROUP LTD- JOINT VENTURE","3571","Japan","Completed/Signed","Joint Venture",51,2274578045
"nokia oyj",3663,"2011-01-28",NA,"Mnfr network infrastructure products","Finland","NOKIA OYJ/SINA CORP/TENCENT HOLDINGS LTD-STRATEGIC ALLIANCE","4833","China","Completed/Signed","Strategic Alliance",NA,3092368045
"virgin mobile usa inc",4812,"2011-02-03",NA,"Pvd wireless commun svcs","United States","VIRGIN MOBILE USA INC /RELATIVITY MEDIA LLC -STRATEGIC ALLIANCE","7812","United States","Completed/Signed","Strategic Alliance",NA,2277708045
"nokia oyj",3663,"2011-02-11",NA,"Mnfr network infrastructure products","Finland","NOKIA OYJ/MICROSOFT CORP-STRATEGIC ALLIANCE","7372","Supranational","Completed/Signed","Strategic Alliance",NA,2279770045
"telefonaktiebolaget lm",4812,"2011-02-14",NA,"Provides telecommunications services","Sweden","AKAMAI TECHNOLOGIES INC/TELEFONAKTIEBOLAGET LM ERICSSON-STRATEGIC ALLIANCE","7372","Supranational","Completed/Signed","Strategic Alliance",NA,2280588045
"smart communications inc",4812,"2011-02-16",NA,"Pvd wireless telecommun svcs","Philippines","SMART COMMUNICATIONS INC/HUAWEI TECHNOLOGIES INC-STRATEGIC ALLIANCE","8731","Philippines","Completed/Signed","Strategic Alliance",NA,3075648045
"mobile streams plc",4812,"2011-03-10",NA,"Pvd wireless telecommun svcs","United Kingdom","MOBILE STREAMS PLC/INFOSYS TECHNOLOGIES LTD- STRATEGIC ALLIANCE","5734","Supranational","Completed/Signed","Strategic Alliance",NA,2288926045
"quanta computer inc",3571,"2011-03-10",NA,"Mnfr electn computers","Taiwan","QUANTA COMPUTER INC/3M CO(WAS 604059)- JOINT VENTURE","7371","Singapore","Completed/Signed","Joint Venture",50,2288965045
"ibm corp",3571,"2011-03-18",NA,"Manufacture computer products","United States","BUONGIORNO DIGITAL INNOVATION INDIA PVT/INTERNATIONAL BUSINESS MACHINES~CORP- STRATEGIC ALLIANCE","7371","India","Completed/Signed","Strategic Alliance",NA,2292039045
"verizon wireless inc",4812,"2011-03-20",NA,"Pvd wireless telecommun svcs","United States","VERIZON WIRELESS CAPITAL LLC(DNU)/ILS TECHNOLOGY INC-STRATEGIC ALLIANCE","7372","United States","Completed/Signed","Strategic Alliance",NA,2292638045
"turk telekomunikasyon as",4812,"2011-04-14",NA,"Provide telecommunications services","Turkey","TELEFONICA SA/TURK TELEKOMUNIKASYON AS- STRATEGIC ALLIANCE","4812","Germany","Completed/Signed","Strategic Alliance",NA,2300656045
"verizon wireless inc",4812,"2011-05-12",NA,"Pvd wireless telecommun svcs","United States","WELLPOINT INC/VERIZON WIRELESS INC-STRATEGIC ALLIANCE","4813","United States","Completed/Signed","Strategic Alliance",NA,2399824045
"htc corp",3571,"2011-05-12",NA,"Manufacture computers,mobile telephones","Taiwan","HTC CORP /VODAFONE GROUP PLC- STRATEGIC ALLIANCE","5045","Turkey","Completed/Signed","Strategic Alliance",NA,2309185045
"china telecommunications corp",4812,"2011-05-16",NA,"Telecommunications Resellers","China","SYSTEME ANWENDUNGEN PRODUKTE AG/CHINA TELECOM-STRATEGIC","4813","China","Completed/Signed","Strategic Alliance",NA,2585937045
"hewlett packard co",3571,"2011-06-01",NA,"Mnfr,whl computer equipment","United States","HEWLETT-PACKARD CO/POLYCOM INC-STRATEGIC ALLIANCE","3571","United States","Completed/Signed","Strategic Alliance",NA,2315438045
"telus corp",4812,"2011-07-11",NA,"Provides telecommunications products and services","Canada","DRAGONWAVE INC/TELUS CORP-STRATEGIC ALLIANCE","7373","Canada","Completed/Signed","Strategic Alliance",NA,2327657045
"isis(tm)",4812,"2011-07-20",NA,"Pvd telecommunications svcs","United States","ISIS(TM)/VISA INC/MASTERCARD INC/DISCOVER FINANCIAL SERVICES LLC/AMERICAN~EXPRESS CO-STRATEGIC ALLIANCE","4812","United States","Completed/Signed","Strategic Alliance",NA,2330524045
"siemens ag",3663,"2011-08-01",NA,"Manufactures and wholesales telecommunications equipment","Germany","SIEMENS AG/OAO ""SILOVYE MASHINY""-JOINT VENTURE","3511","Russian Fed","Completed/Signed","Joint Venture",65,2333805045
"impact network",4812,"2011-08-02",NA,"Pvd telecommunications svcs","United States","DIGAGOGO VENTURES CORP/IMPACT NETWORK-STRATEGIC ALIIANCE","7312","Supranational","Completed/Signed","Strategic Alliance",NA,2334157045
"sk telecom co ltd",4812,"2011-08-08",NA,"Pvd cellular telecommun svcs","South Korea","GREE INC/SK TELECOM CO LTD-STRATEGIC ALLIANCE","7372","South Korea","Completed/Signed","Strategic Alliance",NA,2335505045
"siemens ag",3663,"2011-08-08",NA,"Manufactures and wholesales telecommunications equipment","Germany","BOEING CO/SIEMENS AG-STRATEGIC ALLIANCE","3674","United States","Completed/Signed","Strategic Alliance",NA,2335574045
"walsh vision",4812,"2011-08-09",NA,"Pvd communications solutions","United States","AXEDA CORP/WALSH VISION-STRATEGIC ALLIANCE","4812","Supranational","Completed/Signed","Strategic Alliance",NA,2336247045
"ibm corp",3571,"2011-08-10",NA,"Manufacture computer products","United States","CITY OF PORTLAND, OREGON/IBM-STRATEGIC ALLIANCE","7371","United States","Completed/Signed","Strategic Alliance",NA,2336168045
"voice assist inc",4812,"2011-08-23",NA,"Pvd wireless telecom svcs","United States","VOICE ASSIST INC/HARQEN INC-STRATEGIC ALLIANCE","4812","United States","Completed/Signed","Strategic Alliance",NA,2339496045
"mitec telecom inc",3663,"2011-08-24",NA,"Mnfr,whl commun equip","Canada","MITEC TELECOM INC/COVALON TECHNOLOGIES LTD-STRATEGIC ALLIANCE","3663","Canada","Completed/Signed","Strategic Alliance",NA,2342282045
"theater xtreme entertainment",5731,"2011-08-29",NA,"Retail home cinema systems","United States","TESCO GLOBAL ARUHAZAK ZRT/VODAFONE HUNGARY-TESCO MOBILE HUNGARY","4812","Hungary","Completed/Signed","Joint Venture",NA,2390254045
"siemens ag",3663,"2011-08-31",NA,"Manufactures and wholesales telecommunications equipment","Germany","VOLVO PERSONVAGNAR AB/SIEMENS AG-STRATEGIC ALLIANCE","5013","Sweden","Completed/Signed","Strategic Alliance",NA,2341337045
"dell inc",3571,"2011-09-06",NA,"Manufacture,wholesale computer","United States","DELL INC/BAIDU INC-STRATEGIC ALLIANCE","3663","China","Completed/Signed","Strategic Alliance",NA,2342603045
"ibm corp",3571,"2011-09-12",NA,"Manufacture computer products","United States","WELLPOINT INC/INTERNATIONAL BUSINESS MACHINES CORP{IBM}-STRATEGIC ALLIANCE","7372","United States","Completed/Signed","Strategic Alliance",NA,2344057045
"asia satellite telecommun hldg",4812,"2011-09-12",NA,"Provide telecommunications svcs","Hong Kong","ASIA SATELLITE TELECOMMUNICATIONS HOLDINGS LTD/THAICOM PCL-STRATEGIC~ALLIANCE","4899","Hong Kong","Completed/Signed","Strategic Alliance",NA,2384102045
"telenor asa",4812,"2011-09-23",NA,"Provide mobile communication services","Norway","TELENOR ASA/NOKIA OYJ-STRATEGIC ALLIANCE","5065","Norway","Completed/Signed","Strategic Alliance",NA,2347770045
"nokia oyj",3663,"2011-09-23",NA,"Mnfr network infrastructure products","Finland","TELENOR ASA/NOKIA OYJ-STRATEGIC ALLIANCE","5065","Norway","Completed/Signed","Strategic Alliance",NA,2347770045
"softbank corp",4812,"2011-10-30",NA,"Pvd wireless telecommun svcs","Japan","SOFTBANK CORP/BHARTI AIRTEL LTD-JOINT VENTURE","4899","India","Completed/Signed","Joint Venture",50,2586320045
"samsung electronics co ltd",3663,"2011-10-31",NA,"Radio and Television Broadcasting and Wireless Communications Equipment Manufacturing","South Korea","JUNIPER NETWORKS INC/SAMSUNG ELECTRONICS CO LTD-STRATEGIC ALLIANCE","3577","Supranational","Completed/Signed","Strategic Alliance",NA,2365419045
"ibm corp",3571,"2011-11-11",NA,"Manufacture computer products","United States","INTERNATIONAL BUSINESS MACHINES CORP/SUNING APPLIANCE CO LTD-STRATEGIC~ALLIANCE","7375","United States~China","Completed/Signed","Strategic Alliance",NA,2361784045
"siemens ag",3663,"2011-11-14",NA,"Manufactures and wholesales telecommunications equipment","Germany","SIEMENS AG/THE EXPORT-IMPORT BANK OF CHINA/BAOSTEEL GROUP CORP/JPMORGAN~CHASE & CO-JOINT VENTURE","6411","China","Completed/Signed","Joint Venture",25,2362124045
"zte hellas",4812,"2011-11-14",NA,"Pvd wireless telecom svcs","Greece","MLS MULTIMEDIA SA/ZTE HELLAS-STRATEGIC ALLIANCE","4812","Greece","Completed/Signed","Strategic Alliance",NA,2362209045
"teliasonera ab",4812,"2011-11-21",NA,"Provide wireless telecommun svcs","Sweden","TELIA SONERA AB/TELE2 AB/TELENOR ASA/3 SWEDEN-JOINT VENTURE","4812","Sweden","Completed/Signed","Joint Venture",25,2378225045
"tele2 ab",4812,"2011-11-21",NA,"Wireless Telecommunications Carriers (Except Satellite)","Sweden","TELIA SONERA AB/TELE2 AB/TELENOR ASA/3 SWEDEN-JOINT VENTURE","4812","Sweden","Completed/Signed","Joint Venture",25,2378225045
"telenor asa",4812,"2011-11-21",NA,"Provide mobile communication services","Norway","TELIA SONERA AB/TELE2 AB/TELENOR ASA/3 SWEDEN-JOINT VENTURE","4812","Sweden","Completed/Signed","Joint Venture",25,2378225045
"siemens ag",3663,"2011-12-01",NA,"Manufactures and wholesales telecommunications equipment","Germany","SIEMENS AG/SILOVYE MASHINY - ZTL LMZ ELEKTROSILA ENERGOMASHEKSPORT~OAO-JOINT VENTURE","8741","Germany","Completed/Signed","Joint Venture",NA,3355132045
"mtn group ltd",4812,"2011-12-01",NA,"Wireless Telecommunications Carriers (Except Satellite)","South Africa","AMERICAN TOWER CORP/MTN GROUP LTD-JOINT VENTURE","4812","Uganda","Completed/Signed","Joint Venture",49,2369673045
"stc partners sdn bhd",4812,"2011-12-09",NA,"Mnfr comm equipment","Malaysia","BRIGHTPOINT INTERNATIONAL (MALAYSIA) SDN BHD/STC PARTNERS SDN BHD-JOINT~VENTURE","5065","Malaysia","Completed/Signed","Joint Venture",40,2370033045
"meridian mobiles pvt ltd",4812,"2011-12-14",NA,"Pvd telecommunications svcs","India","SAR GROUP/MERIDIAN MOBILES PVT LTD-JOINT VENTURE","4899","India","Completed/Signed","Joint Venture",NA,2510628045
"handheld group",3571,"2012-01-01",NA,"Mnfr handheld mobile computers","Sweden","HANDHELD GROUP/UNDISCLOSED PARTNER-STRATEGIC ALLIANCE","5099","Sweden","Completed/Signed","Strategic Alliance",NA,3350646045
"quantum telecom inc",4812,"2012-01-12",NA,"Pvd network,bus support svcs","United States","QUANTUM TELECOM INC/MER TELEMANAGEMENT SOLUTIONS LTD-STRATEGIC ALLIANCE","4813","United States","Completed/Signed","Strategic Alliance",NA,2402719045
"virgin mobile latin america",4812,"2012-02-03",NA,"Wireless Telecommunications Carriers (Except Satellite)","United States","CINE COLOMBIA SA/VIRGIN MOBILE LATIN AMERICA INC-STRATEGIC ALLIANCE","4812","Colombia","Completed/Signed","Strategic Alliance",NA,2433254045
"virtualtone",4812,"2012-02-13",NA,"Pvd telecommunications svcs","United States","VIRTUALTONE/A PC GEEK-STRATEGIC ALLIANCE","7376","United States","Completed/Signed","Strategic Alliance",NA,2388408045
"fujitsu frontech ltd",3571,"2012-02-21",NA,"Mnfr,wholesale mini computers","Japan","CROSSROADS SYSTEMS INC/FUJITSU FRONTECH LTD-STRATEGIC ALLIANCE","5112","","Completed/Signed","Strategic Alliance",NA,2426773045
"oman telecommunications co",4812,"2012-02-22",NA,"Pvd wireless commun services","Oman","OMAN TELECOMMUNICATIONS CO/4TRUST LLC-JOINT VENTURE","7375","Oman","Completed/Signed","Joint Venture",60,2390893045
"telit communications plc",4812,"2012-02-28",NA,"Wireless Telecommunications Carriers (Except Satellite)","United Kingdom","TELIT COMMUNICATIONS PLC/TELEFONICA SERVICIOS DIGITALES SAC-STRATEGIC~ALLIANCE","4812","","Completed/Signed","Strategic Alliance",NA,2411838045
"virtualtone",4812,"2012-03-05",NA,"Pvd telecommunications svcs","United States","VIRTUALTONE/I-TECH TECHNOLOGY CONSULTING-STRATEGIC ALLIANCE","7376","United States","Completed/Signed","Strategic Alliance",NA,2463345045
"hayat communications co kscp",4812,"2012-03-05",NA,"Provide telecommunications services","Kuwait","HAYAT COMMUNICATIONS CO KSCC/UNDISCLOSED JOINT VENTURE PARTNER-JOINT~VENTURE","4812","Egypt","Completed/Signed","Joint Venture",NA,2394598045
"gsm association",4812,"2012-03-20",NA,"Pvd telecommunications svcs","United Kingdom","GSMA/WIRELESS BROADBAND ALLIANCE (WMA)-STRATEGIC ALLIANCE","7375","Supranational","Completed/Signed","Strategic Alliance",NA,2467484045
"leadtek research inc",3663,"2012-03-20",NA,"Mnfr commun equip","Taiwan","LEONOVUS INC/LEADTEK RESEARCH INC-STRATEGIC ALLIANCE","7372","Supranational","Completed/Signed","Strategic Alliance",NA,2398480045
"vangard voice systems",4812,"2012-03-20",NA,"Pvd telecommunications svcs","United States","VANGARD VOICE SYSTEMS/BELLHAWK SYSTEMS CORPORATION-STARTEGIC ALLIANCE","4812","United States","Completed/Signed","Strategic Alliance",NA,2467183045
"ponto frio sa",5731,"2012-03-22",NA,"Ret electn equip","Brazil","PAYPAL INC/PONTO FRIO SA-STRATEGIC ALLIANCE","5961","Brazil","Completed/Signed","Strategic Alliance",NA,2466376045
"ibm corp",3571,"2012-03-30",NA,"Manufacture computer products","United States","INTERNATIONAL BUSINESS MACHINES {IBM}/RICE UNIVERSITY-STRATEGIC ALLIANCE","7376","United States","Completed/Signed","Strategic Alliance",NA,2425847045
"mmd (multimedia displays)",3663,"2012-04-05",NA,"Own,op LCD displays","Taiwan","DIGITALOPTICS CORP/MMD (MULTIMEDIA DISPLAYS)-STRATEGIC ALLIANCE","3663","Supranational","Completed/Signed","Strategic Alliance",NA,2466862045
"hitachi europe ltd",3571,"2012-04-12",NA,"Electronic Computer Manufacturing","United Kingdom","HITACHI EUROPE LTD/M2SYS TECHNOLOGY-STRATEGIC ALLIANCE","5049","United States","Completed/Signed","Strategic Alliance",NA,2405463045
"dolby laboratories inc",3663,"2012-04-13",NA,"Mnfr audio processing system","United States","LOUDEYE CORP/DOLBY LABORATORIES INC-STRATEGIC ALLIANCE","3679","Supranational","Completed/Signed","Strategic Alliance",NA,2465976045
"nokia siemens networks oy",4812,"2012-04-19",NA,"Pvd wireless telecommun svcs","Finland","NOKIA SIEMENS NETWORKS OY/CHINA MOBILE GROUP GUANGDONG CO LTD-STRATEGIC~ALLIANCE","8741","China","Completed/Signed","Strategic Alliance",NA,2407483045
"guangdong mcc",4812,"2012-04-19",NA,"Pvd telecommunications svcs","China","NOKIA SIEMENS NETWORKS OY/CHINA MOBILE GROUP GUANGDONG CO LTD-STRATEGIC~ALLIANCE","8741","China","Completed/Signed","Strategic Alliance",NA,2407483045
"deutsche telekom ag",4812,"2012-04-23",NA,"Pvd telecommunications svcs","Germany","DEUTSCHE TELEKOM AG/LOOKOUT INC-STRATEGIC ALLIANCE","7372","Supranational","Completed/Signed","Strategic Alliance",NA,2408173045
"leap wireless intl inc",4812,"2012-04-23",NA,"Pvd wireless telecommun svcs","United States","LEAP WIRELESS INTERNATIONAL INC/T-MOBILE USA INC/COOK INLET/VS GSM VII PCS~LLC/SAVARY ISLAND WIRELESS LLC-JOINT VENTURE","4813","United States","Completed/Signed","Joint Venture",25,2467967045
"t-mobile usa inc",4812,"2012-04-23",NA,"Pvd wireless telecommun svcs","United States","LEAP WIRELESS INTERNATIONAL INC/T-MOBILE USA INC/COOK INLET/VS GSM VII PCS~LLC/SAVARY ISLAND WIRELESS LLC-JOINT VENTURE","4813","United States","Completed/Signed","Joint Venture",25,2467967045
"samsung electronics co ltd",3663,"2012-04-26",NA,"Radio and Television Broadcasting and Wireless Communications Equipment Manufacturing","South Korea","EASTMAN KODAK CO/SAMSUNG ELECTRONICS CO LTD-STRATEGIC ALLIANCE","5734","Supranational","Completed/Signed","Strategic Alliance",NA,2412452045
"vq communications ltd",4812,"2012-05-03",NA,"Mnfr service delivery software","United Kingdom","VIDEO GUIDANCE/VQ COMMUNICATIONS LTD-STRATEGIC ALLIANCE","4812","United States","Completed/Signed","Strategic Alliance",NA,2412077045
"t-mobile usa inc",4812,"2012-05-08",NA,"Pvd wireless telecommun svcs","United States","T-MOBILE USA INC/VESTA CORP-STRATEGIC ALLIANCE","7372","Supranational","Completed/Signed","Strategic Alliance",NA,2412479045
"softbank corp",4812,"2012-05-09",NA,"Pvd wireless telecommun svcs","Japan","EBAY INC/SOFTBANK CORP-JOINT VENTURE","4812","Japan","Completed/Signed","Joint Venture",50,2634157045
"gemini mobile technologies inc",4812,"2012-05-09",NA,"Pvd mobile messaging systems","United States","GEMINI MOBILE TECHNOLOGIES INC/CITRIX SYSTEMS INC-STRATEGIC ALLIANCE","7372","Supranational","Completed/Signed","Strategic Alliance",NA,2431393045
"pccw global ltd",4812,"2012-05-09",NA,"Pvd telecommunications svcs","Hong Kong","PCCW GLOBAL/INVESTMENT & TECHNOLOGY GROUP CO-STRATEGIC ALLIANCE","4812","Supranational","Completed/Signed","Strategic Alliance",NA,2412863045
"t-mobile usa inc",4812,"2012-05-29",NA,"Pvd wireless telecommun svcs","United States","T-MOBILE USA INC/PAYONE CORP-STRATEGIC ALLIANCE","7375","United States","Completed/Signed","Strategic Alliance",NA,2419917045
"broadcast international inc",3663,"2012-05-31",NA,"Pvd satellite,video svcs","United States","BROADCAST INTERNATIONAL INC/BEENIUS-STRATEGIC ALLIANCE","7373","Supranational","Completed/Signed","Strategic Alliance",NA,2420383045
"zao ""gazprom telecom""",4812,"2012-06-04",NA,"Pvd telecommunications svcs","Russian Fed","COMITA TRADE, SERVICES, REPRESENTATION & MEDIATION DD/ZAO ""GAZPROM~TELECOM""-JOINT VENTURE","4812","Slovenia","Completed/Signed","Joint Venture",50,2471738045
"alaska commun sys grp inc",4812,"2012-06-05",NA,"Provides fiber broadband and managed information technology (IT) services","United States","GENERAL COMMUNICATION INC/ALASKA COMMUNICATIONS SYSTEMS GROUP INC-JOINT~VENTURE","4812","United States","Completed/Signed","Joint Venture",33.3,2424460045
"nokia siemens networks oy",4812,"2012-06-07",NA,"Pvd wireless telecommun svcs","Finland","MOBILE TELECOMMUNICATIONS CO SAUDI ARABIA/NOKIA SIEMENS NETWORKS~OY-STRATEGIC ALLIANCE","1731","Saudi Arabia","Completed/Signed","Strategic Alliance",NA,2423223045
"radioshack corp",5731,"2012-06-07",NA,"Radio, Television, and Other Electronics Stores","United States","CYBERMART/RADIOSHACK CORP-JOINT VENTURE","5311","China","Completed/Signed","Joint Venture",49,2422863045
"shanghai telecommunication",4812,"2012-06-21",NA,"Pvd telecommunications svcs","China","TRUNKBOW INTERNATIONAL HOLDINGS LTD/SHANGHAI TELECOMMUNICATION ENGINEERING~CO LTD-STRATEGIC ALLIANCE","7379","China","Completed/Signed","Strategic Alliance",NA,2427714045
"general dynamics c4 systems",3663,"2012-07-10",NA,"Dvlp secure commun,info tech","United States","GENERAL DYNAMICS C4 SYSTEMS INC/EUROPEAN AERONAUTIC DEFENSE & SPACE CO~(EADS) NORTH AMERICA-STRATEGIC ALLIANCE","7373","United States","Completed/Signed","Strategic Alliance",NA,2432495045
"lenovo group ltd",3571,"2012-08-01",NA,"Mnfr,wholesale computer prod","Hong Kong","LENOVO GROUP LTD/EMC CORP-STRATEGIC ALLIANCE","3572","China","Completed/Signed","Strategic Alliance",NA,2438760045
"lenovo group ltd",3571,"2012-08-01",NA,"Mnfr,wholesale computer prod","Hong Kong","LENOVO GROUP LTD/EMC CORP-JOINT VENTURE","3572","China","Completed/Signed","Joint Venture",50,2438764045
"ibm corp",3571,"2012-08-16",NA,"Manufacture computer products","United States","INTERNATIONAL BUSINESS MACHINES CORP/ECONOMIC DEVELOPMENT BOARD-JOINT~VENTURE","7372","Singapore","Completed/Signed","Joint Venture",50,2442824045
"ibm corp",3571,"2012-08-31",NA,"Manufacture computer products","United States","INTERNATIONAL BUSINESS MACHINE{IBM}/VODAFONE GROUPL PLC-STRATEGIC ALLIANCE","7372","Supranational","Completed/Signed","Strategic Alliance",NA,2446572045
"advantech co ltd",3571,"2012-09-07",NA,"Manufacture,wholesale industrial computers","Taiwan","ADVANTECH CO LTD/EINFOCHIPS LTD/TEXAS INSTRUMENTS INC-STRATEGIC ALLIANCE","7372","Supranational","Completed/Signed","Strategic Alliance",NA,2448529045
"dell inc",3571,"2012-09-10",NA,"Manufacture,wholesale computer","United States","DELL INC/RAMCO SYSTEMS LTD-STRATEGIC ALLIANCE","7372","Supranational","Completed/Signed","Strategic Alliance",NA,2448909045
"siemens ag",3663,"2012-09-13",NA,"Manufactures and wholesales telecommunications equipment","Germany","WASION GROUP HOLDINGS LTD/SIEMENS AG-JOINT VENTURE","7372","China","Completed/Signed","Joint Venture",50,2450951045
"etihad etisalat co sjsc",4812,"2012-09-19",NA,"Provide wireless telecommunications services","Saudi Arabia","ETIHAD ETISALAT CO/INTERNATIONAL BUSINESS MACHINES CORP{IBM}-STRATEGIC~ALLIANCE","7382","Saudi Arabia","Completed/Signed","Strategic Alliance",NA,2451959045
"ibm corp",3571,"2012-09-19",NA,"Manufacture computer products","United States","ETIHAD ETISALAT CO/INTERNATIONAL BUSINESS MACHINES CORP{IBM}-STRATEGIC~ALLIANCE","7382","Saudi Arabia","Completed/Signed","Strategic Alliance",NA,2451959045
"applied satellite tech ltd",3663,"2012-10-01",NA,"Mnfr,whl satellite commun sys","United Kingdom","GLOBALSTAR EUROPE SATELLITE SERVICES LTD/APPLIED SATELLITE TECHNOLOGY~LTD-STRATEGIC ALLIANCE","4899","United Kingdom","Completed/Signed","Strategic Alliance",NA,2457606045
"samsung electronics co ltd",3663,"2012-10-10",NA,"Radio and Television Broadcasting and Wireless Communications Equipment Manufacturing","South Korea","SAMSUNG ELECTRONICS CO LTD/SPOTIFY LTD-STRATEGIC ALLIANCE","7375","Supranational","Completed/Signed","Strategic Alliance",NA,2458430045
"uci2i",4812,"2012-10-10",NA,"Pvd video mgt solutions","United Kingdom","UCI2I/COMSTOR-STRATEGIC ALLIANCE","4813","Supranational","Completed/Signed","Strategic Alliance",NA,2458493045
"fivestar broadband services",4812,"2012-11-07",NA,"Pvd wireless telecom svcs","India","FIVESTAR BROADBAND SERVICES/NIVYAH INFRASTRUCTURE&TELECOM SERVICES~LTD-JOINT VENTURE","4812","India","Completed/Signed","Joint Venture",50,2466647045
"verizon wireless inc",4812,"2012-11-14",NA,"Pvd wireless telecommun svcs","United States","COMCAST CORP/VERIZON WIRELESS INC-STRATEGIC ALLIANCE","4812","United States","Completed/Signed","Strategic Alliance",NA,2468086045
"peg bandwidth llc",4812,"2012-11-19",NA,"Pvd bandwidth solutions svcs","United States","VERAX SYSTEMS CORP/PEG BANDWIDTH LLC-STRATEGIC ALLIANCE","4899","United States","Completed/Signed","Strategic Alliance",NA,2469260045
"nordic telecom ltd",4812,"2012-11-26",NA,"Pvd telecommunications svcs","Finland","NORDIC TELECOM LTD/CISCO SYSTEMS FINLAND OY-STRATEGIC ALLIANCE","7372","Finland","Completed/Signed","Strategic Alliance",NA,2471251045
"hitachi ltd",3571,"2012-11-29",NA,"Mnfr,whl electronic equipment","Japan","MITSUBISHI HEAVY INDUSTRIES LTD/HITACHI LTD-JOINT VENTURE","4911","Japan","Completed/Signed","Joint Venture",35,2472524045
"nokia oyj",3663,"2012-12-17",NA,"Mnfr network infrastructure products","Finland","NOKIA OYJ/VVIDIA COMMUNICATIONS PVT LTD-STRATEGIC ALLIANCE","7375","Supranational","Completed/Signed","Strategic Alliance",NA,2478582045
"nokia oyj",3663,"2012-12-21",NA,"Mnfr network infrastructure products","Finland","BEIJING JINGDONG CENTURY COMMERCE CO LTD/NOKIA OYJ-STRATEGIC ALLIANCE","7375","Supranational","Completed/Signed","Strategic Alliance",NA,2481469045
"mtn group ltd",4812,"2013-01-01",NA,"Wireless Telecommunications Carriers (Except Satellite)","South Africa","ROCKET INTERNET GMBH/MTN GROUP LTD-JOINT VENTURE","7375","Utd Arab Em","Completed/Signed","Joint Venture",50,2928407045
"interdigital inc",3663,"2013-01-03",NA,"Manufacture wireless radio systems","United States","INTERDIGITAL INC/SONY CORP OF AMERICA-JOINT VENTURE","8731","United States","Completed/Signed","Joint Venture",50,2483791045
"motion computing inc",3571,"2013-01-08",NA,"Mnfr computers","United States","AGILYSYS INC/MOTION COMPUTING INC-STRATEGIC ALLIANCE","7372","United States","Completed/Signed","Strategic Alliance",NA,2485113045
"telenor asa",4812,"2013-01-15",NA,"Provide mobile communication services","Norway","TELENOR ASA/MICROENSURE HOLDINGS LTD-JOINT VENTURE","6411","China","Completed/Signed","Joint Venture",50,2487295045
"batelco",4812,"2013-01-17",NA,"Pvd telecommunications services","Bahrain","BAHRAIN TELECOMMUNICATIONS CO BSC {BATELCO}/ UNISONO BRAND~CONSULTANTS-STRATEGIC ALLIANCE","7312","Bahrain","Completed/Signed","Strategic Alliance",NA,2546377045
"radioshack global sourcing",5731,"2013-01-31",NA,"Retail Electronic Products","Hong Kong","FIRST HONEST ENTERPRISES/RADIOSHACK GLOBAL SOURCING LTD- JOINT VENTURE","3663","Hong Kong","Completed/Signed","Joint Venture",49,2492633045
"china techfaith wireless ltd",3663,"2013-01-31",NA,"Mnfr mobile phones","China","CHINA TECHFAITH WIRELESS COMMUNICATION TECHNOLOGY LTD/PRIMESENSE~LTD-STRATEGIC ALLIANCE","7319","China","Completed/Signed","Strategic Alliance",NA,2492268045
"next communications inc",4812,"2013-02-02",NA,"Telecommunications svcs","United States","NEXT COMMUNICATIONS INC/ANGEL TELECOM/MARCATEL TELECOMMUNICATIONS-JOINT~VENTURE","4812","United States","Completed/Signed","Joint Venture",42.5,2493137045
"samsung electronics co ltd",3663,"2013-02-19",NA,"Radio and Television Broadcasting and Wireless Communications Equipment Manufacturing","South Korea","INTERNETQ PLC/SAMSUNG ELECTRONICS CO LTD-STRATEGIC ALLIANCE","4812","Supranational","Completed/Signed","Strategic Alliance",NA,2497622045
"telefonica digital",4812,"2013-02-20",NA,"Provide telecommunications services","United Kingdom","TELEFONICA DIGITAL/PINSIGHT MEDIA+-STRATEGIC ALLIANCE","7319","Supranational","Completed/Signed","Strategic Alliance",NA,2498020045
"thales alenia space sas",3663,"2013-02-28",NA,"Manufactures satellite systems","France","THALES ALENIA SPACE SAS/JSC ""ACADEMICIAN MF RESHETNEV ""INFORMATION~SATELLITE SYSTEMS""-JOINT VENTURE","3679","Russian Fed","Completed/Signed","Joint Venture",50,2500578045
"singapore telecommunications",4812,"2013-03-04",NA,"Provide telecommunications services","Singapore","SINGAPORE TELECOMMINUCATIONS LTD/AMDOCS LTD-JOINT VENTURE","7371","Israel","Completed/Signed","Joint Venture",NA,2503707045
"siemens ag",3663,"2013-03-11",NA,"Manufactures and wholesales telecommunications equipment","Germany","SCANIA AB/SIEMENS AG-STRATEGIC ALLIANCE","3537","Supranational","Completed/Signed","Strategic Alliance",NA,2504011045
"brightstar corp",3663,"2013-03-11",NA,"Radio and Television Broadcasting and Wireless Communications Equipment Manufacturing","United States","BRIGHTSTAR CORP/TRIKOMSEL OKE TBK PT-JOINT VENTURE","5065","Singapore","Completed/Signed","Joint Venture",50,2503527045
"ibm corp",3571,"2013-03-12",NA,"Manufacture computer products","United States","GRUPO FINANCIERO BANORTE SAB DE CV/INTERNATIONAL BUSINESS MACHINES CORP~{IBM}-STRATEGIC ALLIANCE","7372","Supranational","Completed/Signed","Strategic Alliance",NA,2504378045
"ibm corp",3571,"2013-03-12",NA,"Manufacture computer products","United States","COMPUWARE CORP/INTERNATIONAL BUSINESS MACHINES CORP{IBM}-STRATEGIC~ALLIANCE","7372","United States","Completed/Signed","Strategic Alliance",NA,2504092045
"teliasonera ab",4812,"2013-03-20",NA,"Provide wireless telecommun svcs","Sweden","PREMIERE GLOBAL SERVICES INC/TELIASONERA AB-STRATEGIC ALLIANCE","4899","Supranational","Completed/Signed","Strategic Alliance",NA,2506355045
"sk telecom co ltd",4812,"2013-03-28",NA,"Pvd cellular telecommun svcs","South Korea","GLOBE TELECOM INC/SK TELECOM CO LTD-STRATEGIC ALLIANCE","4812","Philippines","Completed/Signed","Strategic Alliance",NA,2514194045
"megafon",4812,"2013-05-27",NA,"Provide wireless telecommunications services","Russian Fed","TELEFONICA SA/OAO ""MEGAFON""-STRATEGIC ALLIANCE","4812","Supranational","Completed/Signed","Strategic Alliance",NA,2525257045
"hutchison 3g uk ltd",5731,"2013-06-03",NA,"Pvd broadband service","United Kingdom","HUAWEI TECHNOLOGIES CO LTD/HUTCHISON 3G UK LTD-STRATEGIC ALLIANCE","3661","United Kingdom","Completed/Signed","Strategic Alliance",NA,2528140045
"dell inc",3571,"2013-06-04",NA,"Manufacture,wholesale computer","United States","DELL INC/ORACLE CORP-STRATEGIC ALLIANCE","7372","Supranational","Completed/Signed","Strategic Alliance",NA,2527721045
"mts",4812,"2013-06-20",NA,"Pvd wireless telecommun svcs","Russian Fed","OAO ""MOBIL'NYE TELESISTEMY"" {MTS}/TELEFONAKTIEBOLAGET LM ERICSSON-STRATEGIC~ALLIANCE","4812","Russian Fed","Completed/Signed","Strategic Alliance",NA,2533396045
"telefonaktiebolaget lm",4812,"2013-06-20",NA,"Provides telecommunications services","Sweden","OAO ""MOBIL'NYE TELESISTEMY"" {MTS}/TELEFONAKTIEBOLAGET LM ERICSSON-STRATEGIC~ALLIANCE","4812","Russian Fed","Completed/Signed","Strategic Alliance",NA,2533396045
"dna oy",4812,"2013-06-26",NA,"Provide telecommunication svcs","Finland","DNA/3V TRANSACTION SERVICES-STRATEGIC ALLIANCE","7389","Finland","Completed/Signed","Strategic Alliance",NA,2547843045
"elektrobit oyj",4812,"2013-06-27",NA,"Provide wireless telecom svcs","Finland","ELEKTROBIT OYJ/DAIMLER AG-STRATEGIC ALLIANCE","7372","Germany","Completed/Signed","Strategic Alliance",NA,2548212045
"mitel networks corp",3663,"2013-06-27",NA,"Develops IP-based communications software","Canada","WINDSTREAM CORP/MITEL NETWORKS CORP-STRATEGIC ALLIANCE","3663","Supranational","Completed/Signed","Strategic Alliance",NA,2586768045
"telefonica digital",4812,"2013-07-01",NA,"Provide telecommunications services","United Kingdom","MONITISE PLC/TELEFONICA DIGITAL- STRATEGIC ALLIANCE","4812","United Kingdom","Completed/Signed","Strategic Alliance",NA,2535453045
"etihad etisalat co sjsc",4812,"2013-07-02",NA,"Provide wireless telecommunications services","Saudi Arabia","ETIHAD ETISALAT CO/ EMAAR THE ECONOMIC CITY-STRATEGIC ALLIANCE","4812","Saudi Arabia","Completed/Signed","Strategic Alliance",NA,2535456045
"telus corp",4812,"2013-07-04",NA,"Provides telecommunications products and services","Canada","ALLIED PROPERTIES REAL ESTATE INVESTMENT TRUST/TELUS CORP/WESTBANK PROJECTS~CORP-JOINT VENTURE","6552","Canada","Completed/Signed","Joint Venture",33.3,2536273045
"mts",4812,"2013-07-04",NA,"Pvd wireless telecommun svcs","Russian Fed","OAO ""MOBIL'NYE TELESISTEMY""/NOKIA SIEMENS NETWORKS OY-STRATEGIC ALLIANCE","4812","Russian Fed","Completed/Signed","Strategic Alliance",NA,2589995045
"nokia siemens networks oy",4812,"2013-07-04",NA,"Pvd wireless telecommun svcs","Finland","OAO ""MOBIL'NYE TELESISTEMY""/NOKIA SIEMENS NETWORKS OY-STRATEGIC ALLIANCE","4812","Russian Fed","Completed/Signed","Strategic Alliance",NA,2589995045
"lenovo group ltd",3571,"2013-07-17",NA,"Mnfr,wholesale computer prod","Hong Kong","EXTREME NETWORKS INC/LENOVO GROUP-STRATEGIC ALLIANCE","7372","Supranational","Completed/Signed","Strategic Alliance",NA,2585411045
"cray inc",3571,"2013-07-17",NA,"Manufactures and wholesales computer systems and supercomputers","United States","ROGUE WAVE SOFTWARE INC/CRAY INC-STRATEGIC ALLIANCE","5045","Supranational","Completed/Signed","Strategic Alliance",NA,2590373045
"green wire enterprises inc",4812,"2013-07-18",NA,"Pvd telecommunications svcs","United States","GREEN WIRE ENTERPRISES INC/CX INC-JOINT VENTURE","3663","Supranational","Completed/Signed","Joint Venture",50,2548822045
"softbank corp",4812,"2013-07-18",NA,"Pvd wireless telecommun svcs","Japan","SOFTBANK CORP/BLOOM ENERGY CORP-JOINT VENTURE","3691","Japan","Completed/Signed","Joint Venture",50,2548204045
"hayat communications co kscp",4812,"2013-07-18",NA,"Provide telecommunications services","Kuwait","HAYAT COMMUNICATIONS CO KSCC/ZAIN GROUP-STRATEGIC ALLIANCE","7622","Kuwait","Completed/Signed","Strategic Alliance",NA,2548495045
"mobile telecommun co kscp",4812,"2013-07-18",NA,"Provide wireless telecommunications services","Kuwait","HAYAT COMMUNICATIONS CO KSCC/ZAIN GROUP-STRATEGIC ALLIANCE","7622","Kuwait","Completed/Signed","Strategic Alliance",NA,2548495045
"globecomm systems inc",3663,"2013-07-19",NA,"Pvd satellite commun svcs","United States","GLOBECOMM SYSTEMS INC/PLAYNETWORK INC-STRATEGIC ALLIANCE","7372","United States","Completed/Signed","Strategic Alliance",NA,2550595045
"hewlett packard co",3571,"2013-07-22",NA,"Mnfr,whl computer equipment","United States","HEWLETT-PACKARD CO/LIQVID ELEARNING SERVICES PVT LTD-STRATEGIC ALLIANCE","7375","India","Completed/Signed","Strategic Alliance",NA,2589974045
"ibm corp",3571,"2013-07-22",NA,"Manufacture computer products","United States","UNICREDIT SPA/NTERNATIONAL BUSINESS MACHINES{IBM}-JOINT VENTURE","7372","Italy","Completed/Signed","Joint Venture",50,2550054045
"sprint communications inc",4812,"2013-07-24",NA,"Provide telecommunications svcs","United States","SPRINT COMMUNICATIONS INC/TRANSIT WIRELESS LLC-STRATEGIC ALLIANCE","4812","United States","Completed/Signed","Strategic Alliance",NA,2590459045
"transit wireless llc",4812,"2013-07-24",NA,"Wireless Telecommunications Carriers (Except Satellite)","United States","SPRINT COMMUNICATIONS INC/TRANSIT WIRELESS LLC-STRATEGIC ALLIANCE","4812","United States","Completed/Signed","Strategic Alliance",NA,2590459045
"orange romania sa",4812,"2013-07-31",NA,"Wireless Telecommunications Carriers (Except Satellite)","Romania","ORANGE ROMANIA SA/VODAFONE ROMANIA SA-STRATEGIC ALLIANCE","4813","Romania","Completed/Signed","Strategic Alliance",NA,2576789045
"singapore telecommunications",4812,"2013-08-01",NA,"Provide telecommunications services","Singapore","VISA INC/SINGAPORE TELECOMMUNICATIONS LTD-STRATEGIC ALLIANCE","6099","Singapore~Australia","Completed/Signed","Strategic Alliance",NA,2585479045
"ibm corp",3571,"2013-08-02",NA,"Manufacture computer products","United States","BANK OF THE PHILIPPINE ISLANDS{BPI}/INTERNATIONAL BUSINESS MACHINES~CORP{IBM}-STRATEGIC ALLIANCE","7371","Philippines","Completed/Signed","Strategic Alliance",NA,2552885045
"telefonica moviles sa",4812,"2013-08-02",NA,"Provide wireless telecom svcs","Spain","TELEFONICA MOVILES SA/XFERA MOVILES SA-STRATEGIC ALLIANCE","4812","Spain","Completed/Signed","Strategic Alliance",NA,2552834045
"dedicated computing llc",3571,"2013-08-29",NA,"Manufacture computers","United States","LIQUIDCOOL SOLUTIONS INC/ DEDICATED COMPUTING LLC-STRATEGIC ALLIANCE","3679","Supranational","Completed/Signed","Strategic Alliance",NA,2564095045
"ibm corp",3571,"2013-09-04",NA,"Manufacture computer products","United States","MONITISE PLC/INTERNATIONAL BUSINESS MACHINES CORP{IBM}-STRATEGIC ALLIANCE","7372","Supranational","Completed/Signed","Strategic Alliance",NA,2564337045
"ibm corp",3571,"2013-09-10",NA,"Manufacture computer products","United States","INTERNATIONAL BUSINESS MACHINES CORP{IBM}/CONTINENTAL AG-STRATEGIC~ALLIANCE","7372","Supranational","Completed/Signed","Strategic Alliance",NA,2565111045
"t-mobile us inc",4812,"2013-09-10",NA,"Wireless Telecommunications Carriers (Except Satellite)","United States","NTT DOCOMO USA INC/T-MOBILE US INC-STRATEGIC ALLIANCE","4813","United States","Completed/Signed","Strategic Alliance",NA,2565497045
"ntt docomo usa inc",4812,"2013-09-10",NA,"Pvd wireless telecommun svcs","United States","NTT DOCOMO USA INC/T-MOBILE US INC-STRATEGIC ALLIANCE","4813","United States","Completed/Signed","Strategic Alliance",NA,2565497045
"batelco",4812,"2013-09-17",NA,"Pvd telecommunications services","Bahrain","BAHRAIN TELECOMMUNICATIONS CO BSC (BATELCO)/HUAWEI TECHNOLOGIES CO~LTD-STRATEGIC ALLIANCE","7373","Bahrain","Completed/Signed","Strategic Alliance",NA,2570710045
"fon wireless ltd",4812,"2013-09-24",NA,"Pvd telecommunications svcs","Spain","AT&T INC/FON WIRELESS LTD-STRATEGIC ALLIANCE","4812","Supranational","Completed/Signed","Strategic Alliance",NA,2572578045
"aircel ltd",4812,"2013-09-25",NA,"Provide telecommunications services","India","AIRCEL LTD/MICROMAX INFORMATICS LTD-STRATEGIC ALLIANCE","4899","India","Completed/Signed","Strategic Alliance",NA,2570007045
"telenor asa",4812,"2013-09-30",NA,"Provide mobile communication services","Norway","TELENOR SA/SCHIBSTED MULTIMEDIA AS -JOINT VENTURE","7375","Brazil","Completed/Signed","Joint Venture",50,2571768045
"telenor asa",4812,"2013-09-30",NA,"Provide mobile communication services","Norway","TELENOR ASA/SCHIBSTED ASA/SINGAPORE PRESS HOLDINGS LTD-JOINT VENTURE","7375","Singapore","Completed/Signed","Joint Venture",33.3,2571796045
"batelco",4812,"2013-10-09",NA,"Pvd telecommunications services","Bahrain","BAHRAIN TELECOMMUNICATIONS CO BSC/TATA COMMUNICATIONS LTD-STRATEGIC~ALLIANCE","4813","Bahrain","Completed/Signed","Strategic Alliance",NA,2575323045
"siemens ag",3663,"2013-10-15",NA,"Manufactures and wholesales telecommunications equipment","Germany","ACCENTURE CORP/SIEMENS AG-JOINT VENTURE","499A","Germany","Completed/Signed","Joint Venture",NA,2582819045
"pioneer consulting holdings",4812,"2013-10-22",NA,"Wired Telecommunications Carriers","United States","PELAGIAN LTD/PIONEER CONSULTING HOLDINGS LLC-JOINT VENTURE","8748","United States","Completed/Signed","Joint Venture",50,2623964045
"ibm corp",3571,"2013-10-29",NA,"Manufacture computer products","United States","INTERNATIONAL BUSINESS/READSOFT AB-STRATEGIC ALLIANCE","7372","Supranational","Completed/Signed","Strategic Alliance",NA,2971427045
"vodafone egypt telecommun sae",4812,"2013-10-31",NA,"Pvd wireless telecommun svcs","Egypt","VODAFONE EGYPT TELECOMMUNICATIONS SAE/SEED GROUP-JOINT VENTURE","4812","Utd Arab Em","Completed/Signed","Strategic Alliance",NA,2580465045
"tigo guatemala",4812,"2013-11-06",NA,"Wireless Telecommunications Carriers (Except Satellite)","Guatemala","KIPO INC/TIGO GUATEMALA-STRATEGIC ALLIANCE","4813","Guatemala","Completed/Signed","Strategic Alliance",NA,2619810045
"turk telekomunikasyon as",4812,"2013-11-11",NA,"Provide telecommunications services","Turkey","AKA MAI TECHNOLOGIES INC/TURK TELEKOMUNIKASYON AS-STRATEGIC ALLIANCE","4812","Turkey","Completed/Signed","Strategic Alliance",NA,2583213045
"tracfone wireless inc",4812,"2013-11-14",NA,"Provides wireless telecommunications services","United States","TRACFONE WIRELESS INC/VOXIVA/MOLINA HEALTHCARE OF UTACH-STRATEGIC ALLIANCE","3669","United States","Completed/Signed","Strategic Alliance",NA,2622080045
"voxiva",3663,"2013-11-14",NA,"Radio and Television Broadcasting and Wireless Communications Equipment Manufacturing","United States","TRACFONE WIRELESS INC/VOXIVA/MOLINA HEALTHCARE OF UTACH-STRATEGIC ALLIANCE","3669","United States","Completed/Signed","Strategic Alliance",NA,2622080045
"virgin mobile usa inc",4812,"2013-11-18",NA,"Pvd wireless commun svcs","United States","VIRGIN MOBILE USA INC/HTC CORP -STRATEGIC ALLIANCE","3669","United States","Completed/Signed","Strategic Alliance",NA,2623002045
"htc corp",3571,"2013-11-18",NA,"Manufacture computers,mobile telephones","Taiwan","VIRGIN MOBILE USA INC/HTC CORP -STRATEGIC ALLIANCE","3669","United States","Completed/Signed","Strategic Alliance",NA,2623002045
"silicon graphics international",3571,"2013-11-18",NA,"Mnfr,whl server,storage prod","United States","EXTREME NETWORKS INC/RACKABLE SYSTEMS INC-STRATEGIC ALLIANCE","3669","Supranational","Completed/Signed","Strategic Alliance",NA,2586007045
"ibm corp",3571,"2013-11-19",NA,"Manufacture computer products","United States","BHARAT LIGHT & POWER/IBM CORP-STRATEGIC ALLIANCE","4911","India","Completed/Signed","Strategic Alliance",NA,2585969045
"pt telekomunikasi selular",4812,"2013-11-19",NA,"Pvd cellular commun svcs","Indonesia","NQ MOBILE INC/TELEKOMUNIKASI SELULAR PT-STRATEGIC ALLIANCE","7375","Indonesia","Completed/Signed","Strategic Alliance",NA,2587315045
"motorola mobility llc",3663,"2013-11-22",NA,"Mnfr integrated commun prod","United States","MOTOROLA MOBILITY INC/3D SYSTEMS INC-STRATEGIC ALLIANCE","7372","United States","Completed/Signed","Strategic Alliance",NA,2587720045
"ibm corp",3571,"2013-11-29",NA,"Manufacture computer products","United States","YLZ INFORMATION TECHNOLOGY CO LTD/INTERNATIONAL BUSINESS MACHINES~CORP-STRATEGIC ALLIANCE","7372","China","Completed/Signed","Strategic Alliance",NA,2589759045
"datang telecom tech co ltd",3663,"2013-12-02",NA,"Radio and Television Broadcasting and Wireless Communications Equipment Manufacturing","China","NXP SEMICONDUCTORS N V/DATANG TELECOM TECHNOLOGY CO LTD-JOINT VENTURE","3674","China","Completed/Signed","Joint Venture",50,2589162045
"telenor asa",4812,"2013-12-03",NA,"Provide mobile communication services","Norway","SCHIBSTED ASA/TELENOR ASA-JOINT VENTURE","4812","Supranational","Completed/Signed","Joint Venture",50,2594071045
"telenor asa",4812,"2013-12-03",NA,"Provide mobile communication services","Norway","SCHIBSTED ASA/SINGAPORE PRESS HOLDINGS LTD/TELENOR ASA-JOINT VENTURE","7375","Singapore","Completed/Signed","Joint Venture",33.3,2594081045
"nokia siemens networks italia",4812,"2013-12-05",NA,"Pvd wireless telecommun svcs","Italy","NOKIA SIEMENS NETWORKS ITALIA/MICROSOFT CORP/SKY ITALIA SRL-STRATEGIC~ALLIANCE","7372","Italy","Completed/Signed","Strategic Alliance",NA,2604052045
"dell inc",3571,"2013-12-12",NA,"Manufactures and wholesales computers","United States","DELL INC/DROPBOX INC-STRATEGIC ALLIANCE","7372","United States","Completed/Signed","Strategic Alliance",NA,2955827045
"thales alenia space sas",3663,"2013-12-12",NA,"Manufactures satellite systems","France","VISIONA TECNOLOGIA ESPACIAL SA/THALES ALENIA SPACE FRANCE-STRATEGIC~ALLIANCE","4899","Brazil","Completed/Signed","Strategic Alliance",NA,2612815045
"tigo paraguay",4812,"2013-12-17",NA,"Pvd telecommunications svcs","Paraguay","FACEBOOK INC/TIGO PARAGUAY-STRATEGIC ALLIANCE","7375","Paraguay","Completed/Signed","Strategic Alliance",NA,2613209045
"sprint corp",4812,"2013-12-17",NA,"Wireless Telecommunications Carriers (Except Satellite)","United States","SPRINT CORP/ DISH NETWORK CORP- STRATEGIC ALLIANCE","4812","United States","Completed/Signed","Strategic Alliance",NA,2612352045
"tutela technologies ltd",4812,"2013-12-19",NA,"Wired Telecommunications Carriers","Canada","EDGEWATER WIRELESS SYSTEMS INC/ TUTELA TECHNOLOGIES- STRATEGIC ALLIANCE","7375","Canada","Completed/Signed","Strategic Alliance",NA,2613774045
"batelco",4812,"2013-12-30",NA,"Pvd telecommunications services","Bahrain","BAHRAIN TELECOMMUNICATIONS CO BSC/TAMKEEN BSC-STRATEGIC ALLIANCE","6282","Bahrain","Completed/Signed","Strategic Alliance",NA,2598422045
"samsung electronics co ltd",3663,"2014-01-07",NA,"Radio and Television Broadcasting and Wireless Communications Equipment Manufacturing","South Korea","SAMSUNG ELECTRONICS CO LTD/PARAMOUNT PICTURES CORP-STRATEGIC ALLIANCE","3651","Supranational","Completed/Signed","Strategic Alliance",NA,2599490045
"nii holdings inc",4812,"2014-01-13",NA,"Pvd wireless telecommun svcs","United States","NII HOLDINGS INC/ TELEFONICA SA-STRATEGIC ALLIANCE","4813","Supranational","Completed/Signed","Strategic Alliance",NA,2626452045
"telefonaktiebolaget lm",4812,"2014-01-27",NA,"Provides telecommunications services","Sweden","ERICSSON/SAMSUNG-STRATEGIC ALLIANCE","6794","Supranational","Completed/Signed","Strategic Alliance",NA,2635577045
"samsung electronics co ltd",3663,"2014-01-27",NA,"Radio and Television Broadcasting and Wireless Communications Equipment Manufacturing","South Korea","ERICSSON/SAMSUNG-STRATEGIC ALLIANCE","6794","Supranational","Completed/Signed","Strategic Alliance",NA,2635577045
"samsung electronics co ltd",3663,"2014-01-28",NA,"Radio and Television Broadcasting and Wireless Communications Equipment Manufacturing","South Korea","SAMSUNG ELECTRONICS CO LTD/TESSERA INC-STRATEGIC ALLIANCE","3651","Supranational","Completed/Signed","Strategic Alliance",NA,2609267045
"ibm corp",3571,"2014-02-06",NA,"Manufacture computer products","United States","INTERNATIONAL BUSINESS MACHINES/AUTOBUSES DE ORIENTE-STRATEGIC ALLIANCE","7371","United States","Completed/Signed","Strategic Alliance",NA,2626246045
"htc corp",3571,"2014-02-07",NA,"Manufacture computers,mobile telephones","Taiwan","HTC CORP/NOKIA OYJ-STRATEGIC ALLIANCE","6794","Taiwan","Completed/Signed","Strategic Alliance",NA,2625892045
"nokia oyj",3663,"2014-02-07",NA,"Mnfr network infrastructure products","Finland","HTC CORP/NOKIA OYJ-STRATEGIC ALLIANCE","6794","Taiwan","Completed/Signed","Strategic Alliance",NA,2625892045
"telefonaktiebolaget lm",4812,"2014-02-14",NA,"Provides telecommunications services","Sweden","CIENA CORP/TELEFONSKTIEBOLAGET LM ERICSSON-STRATEGIC ALLIANCE","3661","Supranational","Completed/Signed","Strategic Alliance",NA,2630874045
"hewlett packard co",3571,"2014-02-14",NA,"Mnfr,whl computer equipment","United States","HEWLETT PACKARD CO/GAGA SPORTS & ENTERTAINMENT INC-STRATEGIC ALLIANCE","7371","United States","Completed/Signed","Strategic Alliance",NA,2635508045
"ibm corp",3571,"2014-02-18",NA,"Manufacture computer products","United States","AT&T INC/IBM CORP-STRATEGIC ALLIANCE","4813","Supranational","Completed/Signed","Strategic Alliance",NA,2623308045
"samsung electronics co ltd",3663,"2014-02-20",NA,"Radio and Television Broadcasting and Wireless Communications Equipment Manufacturing","South Korea","INGENICO SA/SAMSUNG ELECTRONICS CO LTD-STRATEGIC ALLIANCE","3578","Supranational","Completed/Signed","Strategic Alliance",NA,2642151045
"sierra wireless inc",3663,"2014-02-24",NA,"Mnfr,whl wireless data product","Canada","TECH MAHINDRA LTD/SIERRA WIRELESS INC-STRATEGIC ALLIANCE","7372","Supranational","Completed/Signed","Strategic Alliance",NA,2628386045
"telefonaktiebolaget lm",4812,"2014-02-24",NA,"Provides telecommunications services","Sweden","TELEFONAKTIEBOLAGET LM ERICSSON/FACEBOOK INC-STRATEGIC ALLIANCE","7375","Supranational","Completed/Signed","Strategic Alliance",NA,2639293045
"dell inc",3571,"2014-02-24",NA,"Manufactures and wholesales computers","United States","INGRAM MICRO INC/DELL INC-STRATEGIC ALLIANCE","7374","United States","Completed/Signed","Strategic Alliance",NA,2640398045
"htc corp",3571,"2014-02-24",NA,"Manufacture computers,mobile telephones","Taiwan","NETGEAR INC/HTC CORP-STRATEGIC ALLIANCE","7372","Supranational","Completed/Signed","Strategic Alliance",NA,2640374045
"ibm corp",3571,"2014-02-25",NA,"Manufacture computer products","United States","AT&T INC/IBM CORP-STRATEGIC ALLIANCE","7375","","Completed/Signed","Strategic Alliance",NA,2623320045
"wind hellas telecommun sa",4812,"2014-02-27",NA,"Pvd wireless telecommun svcs","Greece","VODAFONE-PANAFON HELLENIC/WIND HELLAS TELECOMMUNICATIONS-JOINT VENTURE","4812","Greece","Completed/Signed","Joint Venture",50,2968856045
"apple inc",3571,"2014-03-03",NA,"Electronic Computer Manufacturing","United States","APPLE COMPUTER INC/VOLVO AB-STRATEGIC ALLIANCE","7372","Supranational","Completed/Signed","Strategic Alliance",NA,2617163045
"viasat inc",3663,"2014-03-10",NA,"Radio and Television Broadcasting and Wireless Communications Equipment Manufacturing","United States","VIASAT INC/LIGHTSQUARED INC-STRATEGIC ALLIANCE","4812","Supranational","Completed/Signed","Strategic Alliance",NA,2652004045
"etihad etisalat co sjsc",4812,"2014-03-16",NA,"Provide wireless telecommunications services","Saudi Arabia","ETIHAD ETISALAT CO SJSC/BHARTI AIRTEL LTD-STRATEGIC ALLIANCE","7389","Supranational","Completed/Signed","Strategic Alliance",NA,2953996045
"dasan networks inc",3663,"2014-03-17",NA,"Mnfr whl network communication equipment","South Korea","UTSTARCOM HOLDINGS CORP/DASAN NETWORKS INC-STRATEGIC ALLIANCE","3669","","Completed/Signed","Strategic Alliance",NA,2621218045
"ibm corp",3571,"2014-03-25",NA,"Manufacture computer products","United States","PITNEY BOWES INC/IBM CORP-STRATEGIC ALLIANCE","3579","Supranational","Completed/Signed","Strategic Alliance",NA,2622195045
"samsung electronics co ltd",3663,"2014-03-25",NA,"Radio and Television Broadcasting and Wireless Communications Equipment Manufacturing","South Korea","SAMSUNG ELECTRONICS CO LTD/ANGEL IGLESIAS SA/ZAFIRE LTD-JOINT VENTURE","4581","Supranational","Completed/Signed","Strategic Alliance",NA,2621877045
"angel iglesias sa",3663,"2014-03-25",NA,"Mnfr,whl electronic devices","Spain","SAMSUNG ELECTRONICS CO LTD/ANGEL IGLESIAS SA/ZAFIRE LTD-JOINT VENTURE","4581","Supranational","Completed/Signed","Strategic Alliance",NA,2621877045
"aviat networks inc",3663,"2014-04-02",NA,"Mnfr wireless netwroking prod","United States","AVIAT NETWORKS INC/UBUNTU TECHNOLOGIES-JOINT VENTURE","4812","South Africa","Completed/Signed","Joint Venture",50,2954094045
"globecomm systems inc",3663,"2014-04-03",NA,"Radio and Television Broadcasting and Wireless Communications Equipment Manufacturing","United States","LEVELS BEYOND INC/GLOBECOMM SYSTEMS INC-STRATEGIC ALLIANCE","7373","United States","Completed/Signed","Strategic Alliance",NA,2954107045
"harmonic inc",3663,"2014-04-06",NA,"Mnfr,whl video products","United States","HARMONIC INC/LOUDEYE CORP-STRATEGIC ALLIANCE","7812","United States","Completed/Signed","Strategic Alliance",NA,2954373045
"ibm corp",3571,"2014-04-07",NA,"Manufacture computer products","United States","IBM CORP/AUTOBUSES DE ORIENTE-STRATEGIC ALLIANCE","7371","Supranational","Completed/Signed","Strategic Alliance",NA,2626334045
"samsung electronics co ltd",3663,"2014-04-11",NA,"Radio and Television Broadcasting and Wireless Communications Equipment Manufacturing","South Korea","STARHUB LTD/SAMSUNG ELECTRONICS CO LTD-STRATEGIC ALLIANCE","7375","Singapore","Completed/Signed","Strategic Alliance",NA,2962654045
"nyu wireless",4812,"2014-04-15",NA,"Wireless Telecommunications Carriers","United States","NYU WIRELESS/ERICSSON AB-STRATEGIC ALLIANCE","4813","Supranational","Completed/Signed","Strategic Alliance",NA,2629370045
"telefonaktiebolaget lm",4812,"2014-04-15",NA,"Provides telecommunications services","Sweden","NYU WIRELESS/ERICSSON AB-STRATEGIC ALLIANCE","4813","Supranational","Completed/Signed","Strategic Alliance",NA,2629370045
"alpine labs",3571,"2014-04-27",NA,"Multi-media company","United States","ALPINE LABS/BLACKBOXTV-STRATEGIC ALLIANCE","5099","United States","Completed/Signed","Strategic Alliance",NA,2973045045
"vancouver telecarrier svcs,",4812,"2014-05-04",NA,"Telecommunications Resellers","Canada","MOBETIZE CORP/VANCOUVER TELECARRIER SERVICES, INC-STRATEGIC ALLIANCE","4812","United States","Completed/Signed","Strategic Alliance",NA,2955854045
"ncs technologies inc",3571,"2014-05-05",NA,"Mnfr,whl desktops,notebooks","United States","MELLANOX TECHNOLOGIES LTD/NCS TECHNOLOGIES INC-STRATEGIC ALLIANCE","7373","Supranational","Completed/Signed","Strategic Alliance",NA,2955869045
"ibm corp",3571,"2014-05-06",NA,"Manufacture computer products","United States","CONCUR TECHNOLOGIES INC/IBM CORP-STRATEGIC ALLIANCE","7371","Supranational","Completed/Signed","Strategic Alliance",NA,2640637045
"siemens ag",3663,"2014-05-07",NA,"Manufactures and wholesales telecommunications equipment","Germany","MITSUBISHI HEAVY INDUSTRIES LTD/SIEMENS AG-JOINT VENTURE","8711","United Kingdom","Completed/Signed","Joint Venture",49,2967824045
"siemens ag",3663,"2014-05-07",NA,"Manufactures and wholesales telecommunications equipment","Germany","SIEMENS AG/ MITSUBISHI HEAVY INDUSTRIES LTD - JOINT VENTURE","3532","United Kingdom","Completed/Signed","Joint Venture",49,2646658045
"hewlett packard co",3571,"2014-05-08",NA,"Mnfr,whl computer equipment","United States","BPC BANKING TECHNOLOGIES/HP INC-STRATEGIC ALLIANCE","7373","Switzerland","Completed/Signed","Strategic Alliance",NA,2953681045
"magicjack vocaltec ltd",3663,"2014-05-11",NA,"Radio and Television Broadcasting and Wireless Communications Equipment Manufacturing","Israel","MAGICJACK VOCALTEC LTD/TELEFONICA SA-STRATEGIC ALLIANCE","4812","Israel","Completed/Signed","Strategic Alliance",NA,2952427045
"ibm corp",3571,"2014-05-13",NA,"Manufacture computer products","United States","INTERNATIONAL BUSINESS MACHINES CORP/NISOURCE INC-STRATEGIC ALLIANCE","7371","United States","Completed/Signed","Strategic Alliance",NA,2637087045
"digital bridge-cell portfolio",4812,"2014-05-21",NA,"Wired Telecommunications Carriers","United States","FIDEICOMISO DE INFRAESTRUCTURA/DIGITAL BRIDGE HOLDINGS LLC-CELL TOWERS~PORTFOLIO-JOINT VENTURE","4812","Mexico","Completed/Signed","Joint Venture",50,2870589045
"ibm corp",3571,"2014-06-02",NA,"Manufacture computer products","United States","LAND TRANSPORT AUTHORITY/SMRT CORP LTD/STARHUB LTD/INTERNATIONAL~BUSINESS-JOINT VENTURE","7373","Singapore","Completed/Signed","Joint Venture",25,2972429045
"samsung electronics co ltd",3663,"2014-06-03",NA,"Radio and Television Broadcasting and Wireless Communications Equipment Manufacturing","South Korea","SAMSUNG ELECTRONICS CO LTD/ESPIAL GROUP INC-STRATEGIC ALLIANCE","7372","Canada","Completed/Signed","Strategic Alliance",NA,2653450045
"samsung electronics co ltd",3663,"2014-06-03",NA,"Radio and Television Broadcasting and Wireless Communications Equipment Manufacturing","South Korea","SAMSUNG ELECTRONICS CO LTD/ ESPIAL GROUP INC-STRATEGIC ALLIANCE","7372","Canada","Completed/Signed","Strategic Alliance",NA,2690420045
"siemens ag",3663,"2014-06-12",NA,"Manufactures and wholesales telecommunications equipment","Germany","JOHN WOOD GROUP PLC/SIEMENS AG-JOINT VENTURE","7538","United Kingdom","Completed/Signed","Joint Venture",50,2822527045
"apple inc",3571,"2014-07-03",NA,"Electronic Computer Manufacturing","United States","JARIR MARKETING CO SJSC/APPLE INC-STRATEGIC ALLIANCE","5734","Saudi Arabia","Completed/Signed","Strategic Alliance",NA,2653435045
"tele2 telecommunication gmbh",4812,"2014-07-08",NA,"Pvd telecommunications svcs","Austria","ROSTELECOM LONG-DISTANCE & INTL TELECOMMUNICATIONS CO. PJSC/TELE2~TELECOMMUNICATION GMBH-JOINT VENTURE","4813","Russian Fed","Completed/Signed","Joint Venture",55,2819289045
"china unicom ltd-cdma telecom",4812,"2014-07-11",NA,"Pvd telecom svcs","China","CHINA MOBILE LTD/CHINA UNICOM LTD/CHINA TELECOM CORP LTD- JOINT VENTURE","4813","China","Completed/Signed","Joint Venture",30.1,2820609045
"china telecommunications corp",4812,"2014-07-11",NA,"Telecommunications Resellers","China","CHINA MOBILE COMMUNICATIONS CORP/CHINA UNITED NETWORK COMMUNICATIONS~LTD/CHINA TELECOMMUNICATIONS CORP-JOINT VENTURE","4813","China","Completed/Signed","Joint Venture",29.9,2655583045
"lenovo india pvt ltd",3571,"2014-07-14",NA,"Electronic Computer Manufacturing","India","HCL INFOSYSTEMS LTD/LENOVO INDIA PVT LTD-STRATEGIC ALLIANCE","8742","India","Completed/Signed","Strategic Alliance",NA,2793811045
"ibm corp",3571,"2014-07-22",NA,"Manufacture computer products","United States","IBM/MONITISE PLC-STRATEGIC ALLIANCE","8741","Supranational","Completed/Signed","Strategic Alliance",NA,2817847045
"insite wireless group llc",4812,"2014-07-29",NA,"Provides wireless telecommunications infrastructure services","United States","TELECOM LEASE ADVISORS LLC/INSITE WIRELESS GROUP LLC-JOINT VENTURE","4812","United States","Completed/Signed","Joint Venture",50,2942625045
"the go big project",3571,"2014-07-30",NA,"Multi-media company","United States","BR4SS INC/THE GO BIG PROJECT-STRATEGIC ALLIANCE","7812","United States","Completed/Signed","Strategic Alliance",NA,2946581045
"mts",4812,"2014-08-01",NA,"Wireless Telecommunications Carriers (Except Satellite)","Russian Fed","MOBIL'NYE TELESISTEMY PAO/UZBEKISTAN-JOINT VENTURE","4899","Uzbekistan","Completed/Signed","Joint Venture",50,2857945045
"tele2 ab",4812,"2014-08-06",NA,"Wireless Telecommunications Carriers (Except Satellite)","Sweden","TELE2 AB/ROSTELCOM JSC-JOINT VENTURE","4812","Russian Fed","Completed/Signed","Joint Venture",50,2969410045
"siemens ag",3663,"2014-08-17",NA,"Manufactures and wholesales telecommunications equipment","Germany","SIEMENS AG/SCIENTECHNIC LLC-STRATEGIC ALLIANCE","5099","Utd Arab Em","Completed/Signed","Strategic Alliance",NA,2832698045
"teliasonera ab",4812,"2014-08-20",NA,"Provide wireless telecommun svcs","Sweden","TELIASONERA AB/DNA OY-JOINT VENTURE","4812","Finland","Completed/Signed","Joint Venture",51,2899557045
"dna oy",4812,"2014-08-20",NA,"Provide telecommunication svcs","Finland","TELIASONERA AB/DNA OY-JOINT VENTURE","4812","Finland","Completed/Signed","Joint Venture",49,2899557045
"imperative entertainment",3571,"2014-09-16",NA,"Electronic Computer Manufacturing","United States","IMPERATIVE ENTERTAINMENT/BASTEI LUBBE AG-JOINT VENTURE","3577","United States","Completed/Signed","Joint Venture",50,2676805045
"etihad etisalat co sjsc",4812,"2014-09-20",NA,"Provide wireless telecommunications services","Saudi Arabia","ETIHAD ETISALAT CO SJSC/SAUDI CREDIT & SAVINGS BANK-STRATEGIC ALLIANCE","7372","Saudi Arabia","Completed/Signed","Strategic Alliance",NA,2688998045
"scene lp",4812,"2014-10-09",NA,"Provide telecommunications svcs","Canada","SCENE LP/FGL SPORTS LTD-STRATEGIC ALLIANCE","8742","Canada","Completed/Signed","Strategic Alliance",NA,2948039045
"kyocera wireless corp",3663,"2014-10-23",NA,"Mnfr wireless phone","United States","WIDEPOINT CORP/KYOCERA WIRELESS CORP-STRATEGIC ALLIANCE","7373","United States","Completed/Signed","Strategic Alliance",NA,2774150045
"telefonica sa-mobile telephone",4812,"2014-11-23",NA,"Pvd telecommunications svcs","Spain","TELEFONICA SA-MOBILE TELEPHONE/GRUPO TELEVISA SAB-JOINT VENTURE","4812","Mexico","Completed/Signed","Joint Venture",50,2822562045
"thiagarajar telekom solutions",4812,"2014-12-09",NA,"Wireless Telecommunications Carriers (Except Satellite)","India","TELIT WIRELESS SOLUTIONS INC/THIAGARAJAR TELEKOM SOLUTIONS~LIMITED-STRATEGIC ALLIANCE","7372","United States","Completed/Signed","Strategic Alliance",NA,2708110045
"lenovo group ltd",3571,"2015-01-15",NA,"Mnfr,wholesale computer prod","Hong Kong","LENOVO GROUP LTD/ZENOSS INC-STRATEGIC ALLIANCE","7372","Supranational","Completed/Signed","Strategic Alliance",NA,2716840045
"singapore telecommunications",4812,"2015-01-31",NA,"Provide telecommunications services","Singapore","WARNER BROS INC/SONY PICTURES TELEVISION INC/SINGAPORE~TELECOMMUNICATIONS-JOINT VENTURE","4841","Supranational","Completed/Signed","Joint Venture",33.3,2949828045
"reliance jio infocomm ltd",4812,"2015-02-07",NA,"Wired Telecommunications Carriers","India","STATE BANK OF INDIA/RELIANCE INDUSTRIES-JOINT VENTURE","6035","India","Completed/Signed","Joint Venture",70,2779455045
"mobile telecommun co kscp",4812,"2015-03-10",NA,"Provide wireless telecommunications services","Kuwait","MOBILE TELECOMMUNICATIONS CO KSC/DATAMENA CO-STRATEGIC ALLIANCE","7373","Utd Arab Em","Completed/Signed","Strategic Alliance",NA,2735540045
"arris group inc",3663,"2015-04-14",NA,"Mnfr communication equipments","United States","ARRIS GROUP INC/CHARTER COMMUNICATIONS INC-JOINT VENTURE","7372","United States","Completed/Signed","Joint Venture",65,2770811045
"bouygues telecom sa",4812,"2015-06-03",NA,"Provide mobile telecommunication services","France","BOUYGUES TELECOM SA/TELEFONICA-JOINT VENTURE","7376","France","Completed/Signed","Joint Venture",50,2770984045
"telefonica telecomunicaciones",4812,"2015-06-03",NA,"Pvd telecommun svcs","Spain","BOUYGUES TELECOM SA/TELEFONICA-JOINT VENTURE","7376","France","Completed/Signed","Joint Venture",50,2770984045
"viasat inc",3663,"2015-06-17",NA,"Radio and Television Broadcasting and Wireless Communications Equipment Manufacturing","United States","TEKEVER TECNOLOGIAS DE INFORMACAO SA/VIASAT INC.-STRATEGIC ALLIANCE","7372","Portugal","Completed/Signed","Strategic Alliance",NA,2788896045
"batelco",4812,"2015-06-22",NA,"Pvd telecommunications services","Bahrain","NATIONAL MOTOR CO WLL/BAHRAIN TELECOMMUNICATIONS CO BSC-STRATEGIC ALLIANCE","7538","Bahrain","Completed/Signed","Strategic Alliance",NA,2961001045
"blinkmobile",4812,"2015-08-11",NA,"Provide telecommunications svcs","Australia","DATA3 LTD/BLINKMOBILE-STRATEGIC ALLIANCE","3663","Australia","Completed/Signed","Strategic Alliance",NA,2821597045
"nokia oyj",3663,"2015-08-28",NA,"Mnfr network infrastructure products","Finland","NOKIA OYJ/CHINA HUAXIN POST & TELECOMMUNICATION ECONOMY-JOINT VENTURE","4812","China","Completed/Signed","Joint Venture",50,2940163045
"harrison audio llc",3571,"2015-09-25",NA,"Multi-media company","United States","YAMAHA CORP/STEINBERG MEDIA TECHNOLOGIES /HARRISON AUDIO LLC-STRATEGIC~ALLIANCE","3571","Supranational","Completed/Signed","Strategic Alliance",NA,2930611045
"ibm corp",3571,"2015-10-14",NA,"Manufacture computer products","United States","INTERNATIONAL BUSINESS/21VIANET GROUP INC-STRATEGIC ALLIANCE","7371","China","Completed/Signed","Strategic Alliance",NA,3033394045
"uff movil",4812,"2015-10-28",NA,"Pvd telecommunications svcs","Colombia","UFF MOVIL/TWNEL INC-STRATEGIC ALLIANCE","4812","Supranational","Completed/Signed","Strategic Alliance",NA,2820659045
"tele2 ab",4812,"2015-11-09",NA,"Wireless Telecommunications Carriers (Except Satellite)","Sweden","AO KAZAKHTELEKOM/TELE2 AB-JOINT VENTURE","4812","Kazakhstan","Completed/Signed","Joint Venture",49,2942597045
"telefonaktiebolaget lm",4812,"2015-11-09",NA,"Provides telecommunications services","Sweden","TELEFONAKTIEBOLAGET LM/CISCO SYSTEMS INC-STRATEGIC ALLIANCE","4812","Sweden","Completed/Signed","Strategic Alliance",NA,2924584045
"wistron corp",3571,"2015-11-25",NA,"Manufacture computers","Taiwan","OPTIEMUS INFRACOM LTD/WISTRON CORP-JOINT VENTURE","5271","India","Completed/Signed","Joint Venture",20,2919721045
"softbank group corp",4812,"2015-12-16",NA,"Wireless Telecommunications Carriers (Except Satellite)","Japan","SOFTBANK GROUP CORP/BHARTI ENTERPRISES LTD/HON HAI PRECISION INDUSTRY CO~LTD-JOINT VENTURE","4911","India","Completed/Signed","Joint Venture",NA,2960538045
"qualcomm global trading pte",3663,"2016-01-13",NA,"Radio and Television Broadcasting and Wireless Communications Equipment Manufacturing","Singapore","QUALCOMM GLOBAL TRADING PTE LTD/EPCOS AG-JOINT VENTURE","3999","Singapore","Completed/Signed","Joint Venture",51,2929751045
"carte blanche films",3571,"2016-02-11",NA,"Multi-media company","Canada","CARTE BLANCHE FILMS/A COMPANY FILM LICENSING INT-JOINT VENTURE","7812","Canada","Completed/Signed","Joint Venture",50,2969427045
"a company film licensing int",3571,"2016-02-11",NA,"Electronic Computer Manufacturing","Germany","CARTE BLANCHE FILMS/A COMPANY FILM LICENSING INT-JOINT VENTURE","7812","Canada","Completed/Signed","Joint Venture",50,2969427045
"freelinc inc",3663,"2016-03-22",NA,"Mnfr wireless accessories","United States","FREELINC TECHNOLOGIES INC/DAVID CLARK CO INC-STRATEGIC ALLIANCE","4833","Supranational","Completed/Signed","Strategic Alliance",NA,2937775045
"david clark co inc",3663,"2016-03-22",NA,"Mnfr aviation headsets","United States","FREELINC TECHNOLOGIES INC/DAVID CLARK CO INC-STRATEGIC ALLIANCE","4833","Supranational","Completed/Signed","Strategic Alliance",NA,2937775045
"nokia oyj",3663,"2016-05-18",NA,"Mnfr network infrastructure products","Finland","NOKIA OYJ/HMD GLOBAL OY-STRATEGIC ALLIANCE","1731","Finland","Completed/Signed","Strategic Alliance",NA,2962273045
"hmd global oy",3663,"2016-05-18",NA,"Radio and Television Broadcasting and Wireless Communications Equipment Manufacturing","Finland","NOKIA OYJ/HMD GLOBAL OY-STRATEGIC ALLIANCE","1731","Finland","Completed/Signed","Strategic Alliance",NA,2962273045
"hp inc",3571,"2016-06-09",NA,"Electronic Computer Manufacturing","United States","HP INC/DOCKER INC-STRATEGIC ALLIANCE","8731","Supranational","Completed/Signed","Strategic Alliance",NA,2973437045
"softbank group corp",4812,"2016-07-13",NA,"Wireless Telecommunications Carriers (Except Satellite)","Japan","SOFTBANK GROUP CORP/AERIS INC-JOINT VENTURE","4812","Japan","Completed/Signed","Joint Venture",50,2985761045
"aeris inc",4812,"2016-07-13",NA,"Pvd wireless telecom svcs","United States","SOFTBANK GROUP CORP/AERIS INC-JOINT VENTURE","4812","Japan","Completed/Signed","Joint Venture",50,2985761045
"lenovo group ltd",3571,"2016-07-13",NA,"Mnfr,wholesale computer prod","Hong Kong","TISHMAN SPEYER PROPERTIES INC/LENOVO GROUP LTD-JOINT VENTURE","1522","China","Completed/Signed","Joint Venture",NA,2987886045
"telefonaktiebolaget lm",4812,"2016-07-16",NA,"Provides telecommunications services","Sweden","INSPUR GROUP CO LTD/TELEFONAKTIEBOLAGET LM-JOINT VENTURE","4899","Supranational","Completed/Signed","Joint Venture",50,2985383045
"pt hutchison 3 indonesia",4812,"2016-07-19",NA,"Wireless Telecommunications Carriers (Except Satellite)","Indonesia","HUTCHISON 3 INDONESIA PT/MCARBON-STRATEGIC ALLIANCE","4812","Indonesia","Completed/Signed","Strategic Alliance",NA,2988557045
"ibm corp",3571,"2016-07-19",NA,"Manufacture computer products","United States","INTERNATIONAL BUSINESS/COMPUTER SCIENCES CORP-STRATEGIC ALLIANCE","7389","United States","Completed/Signed","Strategic Alliance",NA,2988583045
"sk telecom co ltd",4812,"2016-07-20",NA,"Pvd cellular telecommun svcs","South Korea","SK TELECOM CO LTD/CAT TELECOM PCL/NHN KCP CORP-JOINT VENTURE","4812","Thailand","Completed/Signed","Joint Venture",30,2988898045
"cat telecom pcl",4812,"2016-07-20",NA,"Pvd telecommun svcs","Thailand","SK TELECOM CO LTD/CAT TELECOM PCL/NHN KCP CORP-JOINT VENTURE","4812","Thailand","Completed/Signed","Joint Venture",50,2988898045
"2c media",3571,"2016-07-21",NA,"Multi-media company","United States","2C MEDIA/FLIPELEVEN-JOINT VENTURE","7311","United States","Completed/Signed","Joint Venture",50,2987128045
"softbank group corp",4812,"2016-07-21",NA,"Wireless Telecommunications Carriers (Except Satellite)","Japan","DISCOVERY LTD/SUMITOMO LIFE INSURANCE CO/SOFTBANK GROUP CORP-JOINT VENTURE","6311","Japan","Completed/Signed","Joint Venture",NA,2988273045
"ibm corp",3571,"2016-07-25",NA,"Manufacture computer products","United States","INTERNATIONAL BUSINESS/ITC INFOTECH INDIA LTD-STRATEGIC ALLIANCE","7372","India","Completed/Signed","Strategic Alliance",NA,3006112045
"pinnacle telecom plc",4812,"2016-07-26",NA,"Pvd telecommun svcs","United Kingdom","PINNACLE TELECOM PLC/VANTAGE TELECOM LLC-JOINT VENTURE","7374","United States","Completed/Signed","Joint Venture",50,2988645045
"vantage telecom llc",4812,"2016-07-26",NA,"Provide telecommunications svcs","United States","PINNACLE TELECOM PLC/VANTAGE TELECOM LLC-JOINT VENTURE","7374","United States","Completed/Signed","Joint Venture",50,2988645045
"beijing shipping",4812,"2016-07-27",NA,"Provide telecommunications svcs","China","APT SATELLITE HOLDINGS LTD/CHINA GUOXIN TRADING CO. LTD/BEIJING~SHIPPING/SHENZHEN HAO CHUANG/MR. PANG LIXIN-JOINT VENTURE","4812","China","Completed/Signed","Joint Venture",23.9,2989236045
"wing(cambodia)ltd",4812,"2016-07-29",NA,"Pvd mobile payment services","Cambodia","DIGITAL MANAGEMENT INC/WING(CAMBODIA)LTD-STRATEGIC ALLIANCE","6000","Cambodia","Completed/Signed","Strategic Alliance",NA,2989914045
"lptic",4812,"2016-07-30",NA,"Pvd telecommun,IT, Post svcs","Libya","LIBYAN POST TELECOMMUNICATION/TUNISIAN POST-STRATEGIC ALLIANCE","9131","Libya","Completed/Signed","Strategic Alliance",NA,2990262045
"tait ltd",4812,"2016-08-04",NA,"Wireless Telecommunications Carriers (Except Satellite)","New Zealand","TAIT LTD/HARRIS CORP-STRATEGIC ALLIANCE","4812","United States~Canada","Completed/Signed","Strategic Alliance",NA,2991498045
"sipka manufacturing pvt ltd",4812,"2016-08-16",NA,"Provide telecommunications svcs","Pakistan","SIPKA MANUFACTURING PVT LTD/HYTERA COMMUNICATIONS CORP LTD-STRATEGIC~ALLIANCE","4812","Pakistan","Completed/Signed","Strategic Alliance",NA,2996501045
"satcom global ltd",4812,"2016-08-17",NA,"Wired Telecommunications Carriers","United Kingdom","SATCOM GLOBAL LTD/INTELLIAN TECHNOLOGIES INC-STRATEGIC ALLIANCE","4812","United Kingdom","Completed/Signed","Strategic Alliance",NA,2997149045
"intellian technologies inc",3663,"2016-08-17",NA,"Radio and Television Broadcasting and Wireless Communications Equipment Manufacturing","South Korea","SATCOM GLOBAL LTD/INTELLIAN TECHNOLOGIES INC-STRATEGIC ALLIANCE","4812","United Kingdom","Completed/Signed","Strategic Alliance",NA,2997149045
"decent foundation",3571,"2016-08-18",NA,"Multi-media company","Switzerland","BITRUSH CORP/DECENT FOUNDATION-STRATEGIC ALLIANCE","6794","Canada","Completed/Signed","Strategic Alliance",NA,2997087045
"lenovo group ltd",3571,"2016-08-19",NA,"Mnfr,wholesale computer prod","Hong Kong","BEYOND MEDIA GROUP LTD/LENOVO GROUP LTD-STRATEGIC ALLIANCE","7372","United States","Completed/Signed","Strategic Alliance",NA,3073520045
"sk telecom co ltd",4812,"2016-08-21",NA,"Pvd cellular telecommun svcs","South Korea","SK TELECOM CO LTD/HANA FINANCIAL GROUP INC-JOINT VENTURE","6289","South Korea","Completed/Signed","Joint Venture",49,2997435045
"batelco",4812,"2016-08-21",NA,"Pvd telecommunications services","Bahrain","BAHRAIN TELECOMMUNICATIONS CO BSC/MICROSOFT CORP-STRATEGIC ALLIANCE","7372","Bahrain","Completed/Signed","Strategic Alliance",NA,2997412045
"pinnaca",4812,"2016-08-22",NA,"Provide telecommunications svcs","United Kingdom","PINNACA/ONSTREAM MEDIA CORP-STRATEGIC ALLIANCE","4841","United States","Completed/Signed","Strategic Alliance",NA,3007306045
"hkt ltd",4812,"2016-08-22",NA,"Provide telecommunications svcs","Hong Kong","HKT LTD/CLP HOLDINGS LTD-JOINT VENTURE","1731","Hong Kong","Completed/Signed","Joint Venture",50,2998577045
"freewave technologies inc",3663,"2016-08-23",NA,"Mnfr radios,parts","United States","FREEWAVE TECHNOLOGIES INC/SOLIS ENERGY INC-STRATEGIC ALLIANCE","4911","United States","Completed/Signed","Strategic Alliance",NA,2998751045
"globalstar inc",4812,"2016-08-30",NA,"Pvd voice,data svcs","United States","CARMANAH TECHNOLOGIES CORP/GLOBALSTAR INC-STRATEGIC ALLIANCE","3674","Canada","Completed/Signed","Strategic Alliance",NA,3001016045
"aeris inc",4812,"2016-08-30",NA,"Pvd wireless telecom svcs","United States","SONATA SOFTWARE LTD/AERIS INC-STRATEGIC ALLIANCE","7375","India","Completed/Signed","Strategic Alliance",NA,3002242045
"sts media inc",4812,"2016-08-30",NA,"Wireless Telecommunications Carriers (Except Satellite)","United States","STS MEDIA INC/LETTERONE HOLDINGS SA-STRATEGIC ALLIANCE","4812","United Kingdom~Spain","Completed/Signed","Strategic Alliance",NA,3002173045
"arris international inc",3663,"2016-09-01",NA,"Radio and Television Broadcasting and Wireless Communications Equipment Manufacturing","United States","ESPIAL GROUP INC/ARRIS INTERNATIONAL INC-STRATEGIC ALLIANCE","6794","Supranational","Completed/Signed","Strategic Alliance",NA,3007173045
"softbank group corp",4812,"2016-09-02",NA,"Wireless Telecommunications Carriers (Except Satellite)","Japan","SOFTBANK GROUP CORP/NIANTIC INC-STRATEGIC ALLIANCE","7371","Japan","Completed/Signed","Strategic Alliance",NA,3038563045
"mtn group ltd",4812,"2016-09-07",NA,"Wireless Telecommunications Carriers (Except Satellite)","South Africa","MTN GROUP LTD/MMI HOLDINGS LTD-JOINT VENTURE","6311","South Africa","Completed/Signed","Joint Venture",NA,3006284045
"siemens ag",3663,"2016-09-08",NA,"Manufactures and wholesales telecommunications equipment","Germany","KONGSBERG MARITIME AS/SIEMENS AG-STRATEGIC ALLIANCE","4911","Norway","Completed/Signed","Strategic Alliance",NA,3007142045
"rf venue inc",4812,"2016-09-09",NA,"Provide wireless telecom svcs","United States","RF VENUE INC/JANDS PTY LTD-STRATEGIC ALLIANCE","5099","Australia","Completed/Signed","Strategic Alliance",NA,3010922045
"arris international inc",3663,"2016-09-09",NA,"Radio and Television Broadcasting and Wireless Communications Equipment Manufacturing","United States","ARRIS INTERNATIONAL INC/TELEFONICA SA-STRATEGIC ALLIANCE","4899","Spain","Completed/Signed","Strategic Alliance",NA,3012719045
"sk telecom co ltd",4812,"2016-09-10",NA,"Pvd cellular telecommun svcs","South Korea","SK TELECOM CO LTD/KOREA ELECTRONICS TECHNOLOGY INSTITUTE/KOREA EXPRESSWAY~CORP-STRATEGIC ALLIANCE","4899","South Korea","Completed/Signed","Strategic Alliance",NA,3011557045
"vodafone india ltd",4812,"2016-09-11",NA,"Pvd wireless telecommun svcs","India","VODAFONE INDIA LTD/BHARAT SANCHAR NIGAM LTD-STRATEGIC ALLIANCE","4812","India","Completed/Signed","Strategic Alliance",NA,3007515045
"media broadcast gmbh",4812,"2016-09-13",NA,"Wired Telecommunications Carriers","Germany","MEDIA BROADCAST GMBH/HISPASAT SA-STRATEGIC ALLIANCE","3571","Spain","Completed/Signed","Strategic Alliance",NA,3020871045
"softbank group corp",4812,"2016-09-14",NA,"Wireless Telecommunications Carriers (Except Satellite)","Japan","SOFTBANK GROUP CORP/PACKET HOST INC-STRATEGIC ALLIANCE","4225","Japan","Completed/Signed","Strategic Alliance",NA,3021634045
"ibm corp",3571,"2016-09-14",NA,"Manufacture computer products","United States","TEKES/INTERNATIONAL BUSINESS-STRATEGIC ALLIANCE","8099","Fiji","Completed/Signed","Strategic Alliance",NA,3010654045
"zte sweden ab",4812,"2016-09-16",NA,"Provide telecommunications svcs","Sweden","SWEMET AB/ZTE SWEDEN AB-STRATEGIC ALLIANCE","3825","Sweden","Completed/Signed","Strategic Alliance",NA,3009146045
"docomo digital gmbh",4812,"2016-09-16",NA,"Wireless Telecommunications Carriers (Except Satellite)","Germany","VICE HOLDINGS INC/DOCOMO DIGITAL GMBH-STRATEGIC ALLIANCE","4812","Japan","Completed/Signed","Strategic Alliance",NA,3010100045
"jordan telecom group",4812,"2016-09-19",NA,"Wired Telecommunications Carriers","Jordan","CAIRO AMMAN BANK PSC/JORDAN TELECOM GROUP-STRATEGIC ALLIANCE","4899","Jordan","Completed/Signed","Strategic Alliance",NA,3018836045
"telco systems inc",3663,"2016-09-20",NA,"Manufacture Ethernet platforms","United States","TELCO SYSTEMS INC/VIPINGO RIDGE LTD-STRATEGIC ALLIANCE","4899","Kenya","Completed/Signed","Strategic Alliance",NA,3023543045
"anaren inc",3663,"2016-09-21",NA,"Radio and Television Broadcasting and Wireless Communications Equipment Manufacturing","United States","ANAREN INC/DIMAC RED SPA-STRATEGIC ALLIANCE","8742","Italy","Completed/Signed","Strategic Alliance",NA,3011629045
"softbank group corp",4812,"2016-09-21",NA,"Wireless Telecommunications Carriers (Except Satellite)","Japan","VIDEODESK INC/SOFTBANK GROUP CORP-STRATEGIC ALLIANCE","8742","Japan","Completed/Signed","Strategic Alliance",NA,3012114045
"singapore telecommunications",4812,"2016-09-25",NA,"Provide telecommunications services","Singapore","SINGAPORE TELECOMMUNICATIONS/AKAMAI TECHNOLOGIES INC-STRATEGIC ALLIANCE","4812","United States","Completed/Signed","Strategic Alliance",NA,3018038045
"telefonaktiebolaget lm",4812,"2016-09-26",NA,"Provides telecommunications services","Sweden","RAYBASED AB/TELEFONAKTIEBOLAGET LM-STRATEGIC ALLIANCE","8742","Sweden","Completed/Signed","Strategic Alliance",NA,3012759045
"telefonaktiebolaget lm",4812,"2016-09-28",NA,"Provides telecommunications services","Sweden","TELEFONAKTIEBOLAGET LM/HOMESEND SCRL-STRATEGIC ALLIANCE","7374","Belgium","Completed/Signed","Strategic Alliance",NA,3031708045
"ibm corp",3571,"2016-09-28",NA,"Manufacture computer products","United States","CLARIENT GLOBAL LLC/INTERNATIONAL BUSINESS-JOINT VENTURE","6289","United States","Completed/Signed","Joint Venture",NA,3031364045
"hewlett packard enterprise co",3571,"2016-09-29",NA,"Manufactures electronic computers","United States","HEWLETT PACKARD ENTERPRISE CO/SHAPE SECURITY-STRATEGIC ALLIANCE","7373","United States","Completed/Signed","Strategic Alliance",NA,3035371045
"pinnaca",4812,"2016-10-04",NA,"Provide telecommunications svcs","United Kingdom","VYOPTA INC/PINNACA-STRATEGIC ALLIANCE","4812","United Kingdom","Completed/Signed","Strategic Alliance",NA,3018227045
"cct fortis holdings ltd",3663,"2016-10-05",NA,"Mnfr,whl telecom equip","Hong Kong","CCT FORTIS HOLDINGS LTD/CCT LAND HOLDINGS LTD-STRATEGIC ALLIANCE","3663","Hong Kong","Completed/Signed","Strategic Alliance",NA,3034206045
"cct land holdings ltd",3663,"2016-10-05",NA,"Radio and Television Broadcasting and Wireless Communications Equipment Manufacturing","Hong Kong","CCT FORTIS HOLDINGS LTD/CCT LAND HOLDINGS LTD-STRATEGIC ALLIANCE","3663","Hong Kong","Completed/Signed","Strategic Alliance",NA,3034206045
"ibm corp",3571,"2016-10-06",NA,"Manufacture computer products","United States","INTERNATIONAL BUSINESS/CLARIENT GLOBAL LLC-JOINT VENTURE","7374","United States","Completed/Signed","Joint Venture",NA,3032673045
"prysm inc",4812,"2016-10-06",NA,"Wireless Telecommunications Carriers (Except Satellite)","United States","SYMBIAT INC/PRYSM INC-STRATEGIC ALLIANCE","4899","","Completed/Signed","Strategic Alliance",NA,3033627045
"batelco",4812,"2016-10-09",NA,"Pvd telecommunications services","Bahrain","DURRAT AL BAHRAIN /BAHRAIN TELECOMMUNICATIONS CO BSC-STRATEGIC ALLIANCE","7375","Bahrain","Completed/Signed","Strategic Alliance",NA,3034943045
"vodafone holding as",4812,"2016-10-11",NA,"Pvd telecommunications svcs","Turkey","BIMEKS BILGI ISLEM VE DIS TICARET AS/VODAFONE HOLDING AS-STRATEGIC~ALLIANCE","8742","Turkey","Completed/Signed","Strategic Alliance",NA,3033226045
"straight path communications",4812,"2016-10-11",NA,"Telecommunications Resellers","United States","WINDSTREAM HOLDINGS INC/CAMBRIDGE BROADBAND LTD/STRAIGHT PATH~COMMUNICATIONS-STRATEGIC ALLIANCE","7375","United States","Completed/Signed","Strategic Alliance",NA,3034846045
"sts media inc",4812,"2016-10-12",NA,"Wireless Telecommunications Carriers (Except Satellite)","United States","STS MEDIA INC/DISH NETWORK MEXICO-JOINT VENTURE","4812","Mexico","Completed/Signed","Joint Venture",NA,3019076045
"sts media inc",4812,"2016-10-12",NA,"Wireless Telecommunications Carriers (Except Satellite)","United States","STS MEDIA INC/MVS COMUNICACIONES SA DE CV/VARIV CAPITAL-JOINT VENTURE","4812","Mexico","Completed/Signed","Joint Venture",NA,3021486045
"mvs comunicaciones sa de cv",4812,"2016-10-12",NA,"Pvd telecommun svcs","Mexico","STS MEDIA INC/MVS COMUNICACIONES SA DE CV/VARIV CAPITAL-JOINT VENTURE","4812","Mexico","Completed/Signed","Joint Venture",NA,3021486045
"ibm corp",3571,"2016-10-13",NA,"Manufacture computer products","United States","INTERNATIONAL BUSINESS/LOS ANGELES FOOTBALL CLUB-STRATEGIC ALLIANCE","7373","United States","Completed/Signed","Strategic Alliance",NA,3019019045
"m2m germany gmbh",4812,"2016-10-13",NA,"Wireless Telecommunications Carriers (Except Satellite)","Germany","M2M GERMANY GMBH/RED LION CONTROLS INC-STRATEGIC ALLIANCE","4812","Germany","Completed/Signed","Strategic Alliance",NA,3020153045
"vodafone egypt telecommun sae",4812,"2016-10-16",NA,"Pvd wireless telecommun svcs","Egypt","ETISALAT MISR/VODAFONE EGYPT-STRATEGIC ALLIANCE","4813","Egypt","Completed/Signed","Strategic Alliance",NA,3019003045
"deutsche telekom ag",4812,"2016-10-17",NA,"Pvd telecommunications svcs","Germany","SWYX SOLUTIONS AG/DEUTSCHE TELEKOM AG-STRATEGIC ALLIANCE","4812","Germany","Completed/Signed","Strategic Alliance",NA,3042077045
"lenovo group ltd",3571,"2016-10-17",NA,"Mnfr,wholesale computer prod","Hong Kong","LENOVO GROUP LTD/NIMBLE STORAGE INC-STRATEGIC ALLIANCE","7538","","Completed/Signed","Strategic Alliance",NA,3034322045
"ibm corp",3571,"2016-10-19",NA,"Manufacture computer products","United States","INTERNATIONAL BUSINESS/INDIAN ANGEL NETWORK SERVICES-STRATEGIC ALLIANCE","7373","India","Completed/Signed","Strategic Alliance",NA,3033368045
"singapore tech telemedia pte",4812,"2016-10-19",NA,"Provides mobile telephony services","Singapore","TATA COMMUNICATIONS LTD/SINGAPORE TECHNOLOGIES -STRATEGIC ALLIANCE","7374","India","Completed/Signed","Strategic Alliance",NA,3035450045
"m3 technologies (asia) bhd",4812,"2016-10-20",NA,"Wireless Telecommunications Carriers (Except Satellite)","Malaysia","M3 TECHNOLOGIES(ASIA)BHD/HANGZHOU HIKVISION DIGITAL-STRATEGIC ALLIANCE","3651","Malaysia","Completed/Signed","Strategic Alliance",NA,3036570045
"jt group ltd",4812,"2016-10-21",NA,"Pvd telecommunications svcs","Jersey","JT GROUP LTD/NEOCONSULT APS-STRATEGIC ALLIANCE","7372","Supranational","Completed/Signed","Strategic Alliance",NA,3036684045
"batelco",4812,"2016-10-23",NA,"Pvd telecommunications services","Bahrain","BAHRAIN TELECOMMUNICATIONS CO BSC/SOPHOS LTD-STRATEGIC ALLIANCE","7381","Bahrain","Completed/Signed","Strategic Alliance",NA,3022999045
"mobile telecommun co kscp",4812,"2016-10-24",NA,"Provide wireless telecommunications services","Kuwait","MIDDLE EAST BROADCASTING/MOBILE TELECOMMUNICATIONS CO KSCP-STRATEGIC~ALLIANCE","4812","Kuwait","Completed/Signed","Strategic Alliance",NA,3024930045
"asia satellite telecommun hldg",4812,"2016-10-25",NA,"Satellite Telecommunications","Hong Kong","FRANCE 24 SA/ASIA SATELLITE TELECOMMUNICATIONS HOLDINGS LTD-STRATEGIC~ALLIANCE","4833","Supranational","Completed/Signed","Strategic Alliance",NA,3033288045
"htc corp",3571,"2016-10-28",NA,"Manufacture computers,mobile telephones","Taiwan","INTERCONTINENTAL HOTELS GROUP PLC/HTC CORP-STRATEGIC ALLIANCE","7389","China","Completed/Signed","Strategic Alliance",NA,3029708045
"sk telecom co ltd",4812,"2016-10-31",NA,"Pvd cellular telecommun svcs","South Korea","SK TELECOM CO LTD/INTEL CORP-STRATEGIC ALLIANCE","8731","South Korea","Completed/Signed","Strategic Alliance",NA,3031371045
"phoenix audio technologies inc",4812,"2016-11-01",NA,"Provide telecommunications svcs","United States","INGRAM MICRO INC/PHOENIX AUDIO TECHNOLOGIES INC-STRATEGIC ALLIANCE","4812","United States","Completed/Signed","Strategic Alliance",NA,3036213045
"nokia oyj",3663,"2016-11-01",NA,"Mnfr network infrastructure products","Finland","VODAFONE HUTCHISON AUSTRALIA/NOKIA OYJ-STRATEGIC ALLIANCE","4812","Australia","Completed/Signed","Strategic Alliance",NA,3031388045
"mimosa networks inc",3663,"2016-11-03",NA,"Radio and Television Broadcasting and Wireless Communications Equipment Manufacturing","United States","MIMOSA NETWORKS INC/SEC DATACOM A/S-STRATEGIC ALLIANCE","4812","Denmark~Sweden~Finland","Completed/Signed","Strategic Alliance",NA,3032440045
"ad digital",3571,"2016-11-07",NA,"Multi-media company","Brazil","APPTEK PARTNERS LLC/AD DIGITAL-STRATEGIC ALLIANCE","3571","Brazil","Completed/Signed","Strategic Alliance",NA,3036184045
"softbank group corp",4812,"2016-11-10",NA,"Wireless Telecommunications Carriers (Except Satellite)","Japan","SOFTBANK GROUP CORP/ZIMPERIUM INC-STRATEGIC ALLIANCE","7372","Japan","Completed/Signed","Strategic Alliance",NA,3039770045
"national source av inc",3571,"2016-11-10",NA,"Multi-media company","Canada","NATIONAL SOURCE AV INC/CLEARONE INC-STRATEGIC ALLIANCE","3669","Supranational","Completed/Signed","Strategic Alliance",NA,3039031045
"beeline",4812,"2016-11-16",NA,"Provide telecommunications svcs","Uzbekistan","BEELINE/TELENOR ASA-STRATEGIC ALLIANCE","4812","Norway","Completed/Signed","Strategic Alliance",NA,3040706045
"telenor asa",4812,"2016-11-16",NA,"Provide mobile communication services","Norway","BEELINE/TELENOR ASA-STRATEGIC ALLIANCE","4812","Norway","Completed/Signed","Strategic Alliance",NA,3040706045
"rakuten communications co ltd",4812,"2016-11-16",NA,"Provide telecommunications svcs","Japan","CAFEX COMMUNICATIONS INC/RAKUTEN COMMUNICATIONS CO LTD-STRATEGIC ALLIANCE","8742","Japan","Completed/Signed","Strategic Alliance",NA,3040763045
"samsung electronics co ltd",3663,"2016-11-17",NA,"Radio and Television Broadcasting and Wireless Communications Equipment Manufacturing","South Korea","SAMSUNG ELECTRONICS CO LTD/QUALCOMM TECHNOLOGIES INC-STRATEGIC ALLIANCE","7371","South Korea","Completed/Signed","Strategic Alliance",NA,3044802045
"mgm consumer products",3571,"2016-11-21",NA,"Multi-media company","United States","MGM CONSUMER PRODUCTS/ANTONIO CUE/MIGUEL ALEMAN-JOINT VENTURE","7812","United States","Completed/Signed","Joint Venture",NA,3039819045
"vodafone holding as",4812,"2016-11-22",NA,"Pvd telecommunications svcs","Turkey","VODAFONE HOLDING AS/DHL INTERNATIONAL GMBH-STRATEGIC ALLIANCE","4213","Turkey","Completed/Signed","Strategic Alliance",NA,3041426045
"siemens ag",3663,"2016-11-22",NA,"Manufactures and wholesales telecommunications equipment","Germany","ELMO SOLUTIONS INC/SIEMENS AG-STRATEGIC ALLIANCE","7372","Supranational","Completed/Signed","Strategic Alliance",NA,3041456045
"siemens ag",3663,"2016-11-24",NA,"Manufactures and wholesales telecommunications equipment","Germany","SIEMENS AG/SIEMENS PTE LTD-STRATEGIC ALLIANCE","8711","Singapore","Completed/Signed","Strategic Alliance",NA,3042918045
"siemens pte ltd",3663,"2016-11-24",NA,"Mnfr,whl electn prod,equipment","Singapore","SIEMENS AG/SIEMENS PTE LTD-STRATEGIC ALLIANCE","8711","Singapore","Completed/Signed","Strategic Alliance",NA,3042918045
"batelco",4812,"2016-11-29",NA,"Pvd telecommunications services","Bahrain","BAHRAIN TELECOMMUNICATIONS CO BSC/DIYAR AL MUHARRAQ WLL-STRATEGIC ALLIANCE","6798","Bahrain","Completed/Signed","Strategic Alliance",NA,3043753045
"beijing fuhua yuqi info tech",3663,"2016-11-30",NA,"Radio and Television Broadcasting and Wireless Communications Equipment Manufacturing","China","BEIJING FUHUA YUQI INFORMATION/ZTE CORP-JOINT VENTURE","7375","China","Completed/Signed","Joint Venture",50,3044855045
"hikari tsushin inc",5731,"2016-12-01",NA,"Ret electronic device","Japan","ALPHAX FOOD SYSTEM CO LTD/HIKARI TSUSHIN INC-JOINT VENTURE","5812","Japan","Completed/Signed","Joint Venture",49,3044073045
"companhia de telecomunicaoes",4812,"2016-12-06",NA,"Pvd telecommunication svcs","Macau","COMPANHIA DE TELECOMUNICAOES/MACAU NEW ERA OF PUBLIC BUSES, SA-STRATEGIC~ALLIANCE","4812","Macau","Completed/Signed","Strategic Alliance",NA,3046146045
"siemens ag",3663,"2016-12-07",NA,"Manufactures and wholesales telecommunications equipment","Germany","SIEMENS AG/CHROMALLOY GAS TURBINE LLC-JOINT VENTURE","3999","United States","Completed/Signed","Joint Venture",NA,3046173045
"jt group ltd",4812,"2016-12-08",NA,"Pvd telecommunications svcs","Jersey","JT GROUP LTD/FON WIRELESS LTD-STRATEGIC ALLIANCE","7375","Jersey","Completed/Signed","Strategic Alliance",NA,3046724045
"fon wireless ltd",4812,"2016-12-08",NA,"Pvd telecommunications svcs","Spain","JT GROUP LTD/FON WIRELESS LTD-STRATEGIC ALLIANCE","7375","Jersey","Completed/Signed","Strategic Alliance",NA,3046724045
"globalstar inc",4812,"2016-12-08",NA,"Pvd voice,data svcs","United States","VEHICLE TRACKING SOLUTIONS LLC/GLOBALSTAR INC-STRATEGIC ALLIANCE","4899","United States","Completed/Signed","Strategic Alliance",NA,3046736045
"sofia connect eood",4812,"2016-12-08",NA,"Wired Telecommunications Carriers","Bulgaria","MEGAPORT LTD/SOFIA CONNECT EOOD-STRATEGIC ALLIANCE","7371","United Kingdom","Completed/Signed","Strategic Alliance",NA,3046692045
"telenor asa",4812,"2016-12-08",NA,"Provide mobile communication services","Norway","TELENOR ASA/VIBER MEDIA LTD-STRATEGIC ALLIANCE","4899","Supranational","Completed/Signed","Strategic Alliance",NA,3048531045
"china telecom global ltd",4812,"2016-12-08",NA,"Wired Telecommunications Carriers","Hong Kong","CHINA TELECOM GLOBAL LTD/NEPAL TELECOM CORP-STRATEGIC ALLIANCE","7375","Nepal","Completed/Signed","Strategic Alliance",NA,3046150045
"byte power group ltd",3571,"2016-12-08",NA,"Mnfr,whl info tech prod","Australia","BYTE POWER GROUP LTD/SHANGHAI HUAHU INFORMATION TECHNOLOGY CO LTD-JOINT~VENTURE","3571","China","Completed/Signed","Joint Venture",NA,3046685045
"wind hellas telecommun sa",4812,"2016-12-12",NA,"Pvd wireless telecommun svcs","Greece","WIND HELLAS TELECOMMUNICATIONS/TELEFONICA SA-STRATEGIC ALLIANCE","7375","Supranational","Completed/Signed","Strategic Alliance",NA,3047719045
"cellpoint mobile inc",4812,"2016-12-12",NA,"Pvd wireless telecom svcs","United States","CELLPOINT MOBILE INC/UNDISCLOSED PARTNER-STRATEGIC ALLIANCE","7375","Denmark","Completed/Signed","Strategic Alliance",NA,3047723045
"filtronic plc",3663,"2016-12-12",NA,"Mnfr radio frequency equipment","United Kingdom","FILTRONIC PLC/UNDISCLOSED PARTNER-STRATEGIC ALLIANCE","3999","United Kingdom","Completed/Signed","Strategic Alliance",NA,3047862045
"hutchison 3g uk holdings ltd",4812,"2016-12-12",NA,"Pvd mobile multimedia svcs","United Kingdom","HUTCHISON 3G UK HOLDINGS LTD/DORO AB-STRATEGIC ALLIANCE","3661","United Kingdom","Completed/Signed","Strategic Alliance",NA,3048670045
"super micro computer inc",3571,"2016-12-13",NA,"Mnfr motherboard,server sys","United States","FIBERHOME TELECOMMUNICATION/SUPER MICRO COMPUTER INC-JOINT VENTURE","8711","China","Completed/Signed","Joint Venture",30,3048520045
"lenovo group ltd",3571,"2016-12-13",NA,"Mnfr,wholesale computer prod","Hong Kong","LENOVO GROUP LTD/VIA LICENSING CORP-STRATEGIC ALLIANCE","6794","United States","Completed/Signed","Strategic Alliance",NA,3049544045
"ibm corp",3571,"2016-12-13",NA,"Manufacture computer products","United States","RESPONSETEK NETWORKS CORP/INTERNATIONAL BUSINESS-STRATEGIC ALLIANCE","7372","United States","Completed/Signed","Strategic Alliance",NA,3048888045
"orange tunisie sa",4812,"2016-12-14",NA,"Wired Telecommunications Carriers","Tunisia","ICFLIX MEDIA FZ LLC/ORANGE TUNISIE-STRATEGIC ALLIANCE","7812","Tunisia","Completed/Signed","Strategic Alliance",NA,3049020045
"viva entertainment group inc",3663,"2016-12-14",NA,"Radio and Television Broadcasting and Wireless Communications Equipment Manufacturing","United States","VIVA ENTERTAINMENT GROUP INC/FLIXFLING LLC-STRATEGIC ALLIANCE","5099","United States","Completed/Signed","Strategic Alliance",NA,3049104045
"interdigital inc",3663,"2016-12-15",NA,"Manufacture wireless radio systems","United States","INTERDIGITAL INC PA/APPLE INC-STRATEGIC ALLIANCE","4899","United States","Completed/Signed","Strategic Alliance",NA,3050392045
"apple inc",3571,"2016-12-15",NA,"Electronic Computer Manufacturing","United States","INTERDIGITAL INC PA/APPLE INC-STRATEGIC ALLIANCE","4899","United States","Completed/Signed","Strategic Alliance",NA,3050392045
"tcl communication technology",3663,"2016-12-15",NA,"Radio and Television Broadcasting and Wireless Communications Equipment Manufacturing","Hong Kong","BLACKBERRY LTD/TCL COMMUNICATION TECHNOLOGY HOLDINGS LTD-STRATEGIC~ALLIANCE","7382","Canada","Completed/Signed","Strategic Alliance",NA,3050354045
"idea cellular ltd",4812,"2016-12-15",NA,"Provides telecommunication services","India","HITACHI SUNWAY INFORMATION SYSTEMS SDN BHD/IDEA CELLULAR LTD-STRATEGIC~ALLIANCE","4812","India","Completed/Signed","Strategic Alliance",NA,3050420045
"rogers communications inc",4812,"2016-12-16",NA,"Diversified communications and media company","Canada","ROGERS COMMUNICATIONS INC/COMCAST CORP-STRATEGIC ALLIANCE","3571","Canada","Completed/Signed","Strategic Alliance",NA,3051074045
"professional commun corp",4812,"2016-12-18",NA,"Wired Telecommunications Carriers","Utd Arab Em","PROFESSIONAL COMMUNICATION CORP/NOKIA OYJ-STRATEGIC ALLIANCE","4812","Utd Arab Em","Completed/Signed","Strategic Alliance",NA,3052336045
"nokia oyj",3663,"2016-12-18",NA,"Mnfr network infrastructure products","Finland","PROFESSIONAL COMMUNICATION CORP/NOKIA OYJ-STRATEGIC ALLIANCE","4812","Utd Arab Em","Completed/Signed","Strategic Alliance",NA,3052336045
"trident subsea cable pty ltd",4812,"2016-12-20",NA,"Wired Telecommunications Carriers","Australia","TRIDENT SUBSEA CABLE PTY LTD/PT KETROSDEN TRIASMITRA INC-STRATEGIC~ALLIANCE","4841","Supranational","Completed/Signed","Strategic Alliance",NA,3054157045
"us telepacific corp",4812,"2016-12-21",NA,"Provides telecommunications services","United States","US TELEPACIFIC CORP/PLANETONE COMMUNICATIONS INC-STRATEGIC ALLIANCE","4812","Supranational","Completed/Signed","Strategic Alliance",NA,3054061045
"sofia connect eood",4812,"2016-12-23",NA,"Wired Telecommunications Carriers","Bulgaria","SOFIA CONNECT EOOD/NETWORX BULGARIA LTD-STRATEGIC ALLIANCE","4812","Bulgaria","Completed/Signed","Strategic Alliance",NA,3054080045
"true incube co ltd",4812,"2016-12-28",NA,"Wireless Telecommunications Carriers (Except Satellite)","Thailand","AXION VENTURES INC/TRUE INCUBE CO LTD-JOINT VENTURE","7372","Thailand","Completed/Signed","Joint Venture",40,3054710045
